Query seq	Subject seq	%ID	Length	Mismatch	Query start	Query end	Subject start	Subject end	E-value	Bit score
parc	ERR4635178_parc_6_1	100	120	0	1	120	1	120	1.91E-89	254
parc	SRR5386792_parc_3_1	100	120	0	1	120	1	120	2.09E-89	254
parc	50667959_parc_2_1	100	120	0	1	120	1	120	2.21E-89	254
parc	ERR4635195_parc_3_1	100	120	0	1	120	1	120	2.21E-89	254
parc	INF345_parc_chromosome_1	100	120	0	1	120	1	120	2.21E-89	254
parc	uk_19B25H_parc_NODE_11_length_217201_cov_4.9744_ID_5640_1	100	120	0	1	120	1	120	2.21E-89	254
parc	ERR4139189_parc_3_1	100	120	0	1	120	1	120	2.21E-89	254
parc	ERR3480564_parc_3_1	100	120	0	1	120	1	120	2.21E-89	254
parc	ERR3469886_parc_7_1	100	120	0	1	120	1	120	2.21E-89	254
parc	ERR3449005_parc_2_1	100	120	0	1	120	1	120	2.21E-89	254
parc	AR-S822_parc_6_1	100	120	0	1	120	1	120	2.21E-89	254
parc	AR-S823_parc_8_1	100	120	0	1	120	1	120	2.21E-89	254
parc	ERR4781809_parc_3_1	100	120	0	1	120	1	120	2.21E-89	254
parc	ERR4635477_parc_3_1	100	120	0	1	120	1	120	2.21E-89	254
parc	ERR4635439_parc_3_1	100	120	0	1	120	1	120	2.21E-89	254
parc	ERR4635433_parc_2_1	100	120	0	1	120	1	120	2.21E-89	254
parc	ERR4635429_parc_10_1	100	120	0	1	120	1	120	2.21E-89	254
parc	ERR4635421_parc_2_1	100	120	0	1	120	1	120	2.21E-89	254
parc	ERR4635417_parc_2_1	100	120	0	1	120	1	120	2.21E-89	254
parc	ERR4635413_parc_2_1	100	120	0	1	120	1	120	2.21E-89	254
parc	ERR4635410_parc_2_1	100	120	0	1	120	1	120	2.21E-89	254
parc	ERR4635404_parc_2_1	100	120	0	1	120	1	120	2.21E-89	254
parc	ERR4635403_parc_10_1	100	120	0	1	120	1	120	2.21E-89	254
parc	ERR4635400_parc_2_1	100	120	0	1	120	1	120	2.21E-89	254
parc	ERR4635363_parc_2_1	100	120	0	1	120	1	120	2.21E-89	254
parc	ERR4635280_parc_4_1	100	120	0	1	120	1	120	2.21E-89	254
parc	ERR4635275_parc_4_1	100	120	0	1	120	1	120	2.21E-89	254
parc	ERR4635225_parc_3_1	100	120	0	1	120	1	120	2.21E-89	254
parc	ERR4635196_parc_2_1	100	120	0	1	120	1	120	2.21E-89	254
parc	ERR4635174_parc_2_1	100	120	0	1	120	1	120	2.21E-89	254
parc	ERR4635167_parc_3_1	100	120	0	1	120	1	120	2.21E-89	254
parc	ERR4635137_parc_22_1	100	120	0	1	120	1	120	2.21E-89	254
parc	ERR4635133_parc_4_1	100	120	0	1	120	1	120	2.21E-89	254
parc	ERR4635132_parc_12_1	100	120	0	1	120	1	120	2.21E-89	254
parc	ERR4635124_parc_2_1	100	120	0	1	120	1	120	2.21E-89	254
parc	ERR4635123_parc_8_1	100	120	0	1	120	1	120	2.21E-89	254
parc	ERR4635103_parc_2_1	100	120	0	1	120	1	120	2.21E-89	254
parc	ERR4635099_parc_22_1	100	120	0	1	120	1	120	2.21E-89	254
parc	ERR486764_parc_10_1	100	120	0	1	120	1	120	2.21E-89	254
parc	ERR486469_parc_14_1	100	120	0	1	120	1	120	2.21E-89	254
parc	ERR486374_parc_9_1	100	120	0	1	120	1	120	2.21E-89	254
parc	ERR486370_parc_10_1	100	120	0	1	120	1	120	2.21E-89	254
parc	ERR486369_parc_7_1	100	120	0	1	120	1	120	2.21E-89	254
parc	ERR486332_parc_4_1	100	120	0	1	120	1	120	2.21E-89	254
parc	ERR486299_parc_10_1	100	120	0	1	120	1	120	2.21E-89	254
parc	ERR474486_parc_3_1	100	120	0	1	120	1	120	2.21E-89	254
parc	NK_H8_110_parc_1_1	100	120	0	1	120	1	120	2.21E-89	254
parc	SRR5386642_parc_1_1	100	120	0	1	120	1	120	2.21E-89	254
parc	SRR5386623_parc_14_1	100	120	0	1	120	1	120	2.21E-89	254
parc	SRR5386602_parc_3_1	100	120	0	1	120	1	120	2.21E-89	254
parc	SRR5386033_parc_9_1	100	120	0	1	120	1	120	2.21E-89	254
parc	SRR5385710_parc_6_1	100	120	0	1	120	1	120	2.21E-89	254
parc	SRR5385695_parc_2_1	100	120	0	1	120	1	120	2.21E-89	254
parc	50878013_parc_3_1	100	120	0	1	120	1	120	2.21E-89	254
parc	SB5972_parc_2_1	100	120	0	1	120	1	120	2.21E-89	254
parc	SB5626_parc_10_1	100	120	0	1	120	1	120	2.21E-89	254
parc	SB5577_parc_9_1	100	120	0	1	120	1	120	2.21E-89	254
parc	SB5527_parc_4_1	100	120	0	1	120	1	120	2.21E-89	254
parc	HE211_parc_8_1	100	120	0	1	120	1	120	2.21E-89	254
parc	HE206_parc_4_1	100	120	0	1	120	1	120	2.21E-89	254
parc	HE205_parc_9_1	100	120	0	1	120	1	120	2.21E-89	254
parc	HE201_parc_9_1	100	120	0	1	120	1	120	2.21E-89	254
parc	HE198_parc_2_1	100	120	0	1	120	1	120	2.21E-89	254
parc	HE197_parc_2_1	100	120	0	1	120	1	120	2.21E-89	254
parc	HE195_parc_3_1	100	120	0	1	120	1	120	2.21E-89	254
parc	HE194_parc_8_1	100	120	0	1	120	1	120	2.21E-89	254
parc	HE193_parc_19_1	100	120	0	1	120	1	120	2.21E-89	254
parc	HE191_parc_2_1	100	120	0	1	120	1	120	2.21E-89	254
parc	HE190_parc_8_1	100	120	0	1	120	1	120	2.21E-89	254
parc	HE189_parc_10_1	100	120	0	1	120	1	120	2.21E-89	254
parc	HE188_parc_8_1	100	120	0	1	120	1	120	2.21E-89	254
parc	HE187_parc_9_1	100	120	0	1	120	1	120	2.21E-89	254
parc	HE184_parc_3_1	100	120	0	1	120	1	120	2.21E-89	254
parc	HE183_parc_2_1	100	120	0	1	120	1	120	2.21E-89	254
parc	HE180_parc_10_1	100	120	0	1	120	1	120	2.21E-89	254
parc	HE175_parc_2_1	100	120	0	1	120	1	120	2.21E-89	254
parc	HE174_parc_8_1	100	120	0	1	120	1	120	2.21E-89	254
parc	HE173_parc_8_1	100	120	0	1	120	1	120	2.21E-89	254
parc	HE172_parc_3_1	100	120	0	1	120	1	120	2.21E-89	254
parc	HE169_parc_10_1	100	120	0	1	120	1	120	2.21E-89	254
parc	HE167_parc_3_1	100	120	0	1	120	1	120	2.21E-89	254
parc	HE165_parc_9_1	100	120	0	1	120	1	120	2.21E-89	254
parc	HE164_parc_8_1	100	120	0	1	120	1	120	2.21E-89	254
parc	HE163_parc_10_1	100	120	0	1	120	1	120	2.21E-89	254
parc	HE153_parc_2_1	100	120	0	1	120	1	120	2.21E-89	254
parc	HE148_parc_8_1	100	120	0	1	120	1	120	2.21E-89	254
parc	HE034_parc_3_1	100	120	0	1	120	1	120	2.21E-89	254
parc	HE031_parc_6_1	100	120	0	1	120	1	120	2.21E-89	254
parc	HE029_parc_7_1	100	120	0	1	120	1	120	2.21E-89	254
parc	HE025_parc_14_1	100	120	0	1	120	1	120	2.21E-89	254
parc	HE023_parc_2_1	100	120	0	1	120	1	120	2.21E-89	254
parc	807556-18_parc_23_1	100	120	0	1	120	1	120	2.21E-89	254
parc	806416-17_parc_10_1	100	120	0	1	120	1	120	2.21E-89	254
parc	806249-18_parc_11_1	100	120	0	1	120	1	120	2.21E-89	254
parc	KPN2138_parc_9_1	100	120	0	1	120	1	120	2.21E-89	254
parc	KPN2135_parc_7_1	100	120	0	1	120	1	120	2.21E-89	254
parc	KPN2043_parc_7_1	100	120	0	1	120	1	120	2.21E-89	254
parc	KPN2041_parc_3_1	100	120	0	1	120	1	120	2.21E-89	254
parc	KPN2035_parc_2_1	100	120	0	1	120	1	120	2.21E-89	254
parc	KPN2027_parc_2_1	100	120	0	1	120	1	120	2.21E-89	254
parc	KPN2019_parc_9_1	100	120	0	1	120	1	120	2.21E-89	254
parc	KPN2018_parc_3_1	100	120	0	1	120	1	120	2.21E-89	254
parc	KPN1980_parc_10_1	100	120	0	1	120	1	120	2.21E-89	254
parc	KPN1978_parc_11_1	100	120	0	1	120	1	120	2.21E-89	254
parc	KPN1941_parc_25_1	100	120	0	1	120	1	120	2.21E-89	254
parc	KPN1924_parc_2_1	100	120	0	1	120	1	120	2.21E-89	254
parc	KPN1919_parc_8_1	100	120	0	1	120	1	120	2.21E-89	254
parc	KPN1908_parc_8_1	100	120	0	1	120	1	120	2.21E-89	254
parc	KPN1858_parc_10_1	100	120	0	1	120	1	120	2.21E-89	254
parc	16870_8_24_parc_9_1	100	120	0	1	120	1	120	2.21E-89	254
parc	16870_7_55_parc_3_1	100	120	0	1	120	1	120	2.21E-89	254
parc	NK_H22_026_parc_8_1	100	120	0	1	120	1	120	2.41E-89	254
parc	2019-01-2310_parc_1_1	100	120	0	1	120	1	120	2.41E-89	254
parc	2019-01-4678_parc_12_1	100	120	0	1	120	1	120	2.41E-89	254
parc	KPN020_parc_1_1	100	120	0	1	120	1	120	2.41E-89	254
parc	KPN013_parc_5_1	100	120	0	1	120	1	120	2.41E-89	254
parc	KPN006_parc_4_1	100	120	0	1	120	1	120	2.41E-89	254
parc	IES065_parc_8_1	100	120	0	1	120	1	120	2.41E-89	254
parc	IES077_parc_10_1	100	120	0	1	120	1	120	2.41E-89	254
parc	IES020_parc_6_1	100	120	0	1	120	1	120	2.41E-89	254
parc	INF355_parc_chromosome_1	100	120	0	1	120	1	120	2.41E-89	254
parc	INF333_parc_chromosome_1	100	120	0	1	120	1	120	2.41E-89	254
parc	INF302_parc_chromosome_1	100	120	0	1	120	1	120	2.41E-89	254
parc	C0650_parc_8_1	100	120	0	1	120	1	120	2.41E-89	254
parc	C0466_parc_8_1	100	120	0	1	120	1	120	2.41E-89	254
parc	C0373_parc_2_1	100	120	0	1	120	1	120	2.41E-89	254
parc	C0323_parc_13_1	100	120	0	1	120	1	120	2.41E-89	254
parc	C0197_parc_17_1	100	120	0	1	120	1	120	2.41E-89	254
parc	C0108_parc_7_1	100	120	0	1	120	1	120	2.41E-89	254
parc	C0095_parc_6_1	100	120	0	1	120	1	120	2.41E-89	254
parc	C0006_parc_9_1	100	120	0	1	120	1	120	2.41E-89	254
parc	NHP1194_parc_5_1	100	120	0	1	120	1	120	2.41E-89	254
parc	NHP298_parc_7_1	100	120	0	1	120	1	120	2.41E-89	254
parc	NHP168_parc_6_1	100	120	0	1	120	1	120	2.41E-89	254
parc	BMP1129_parc_8_1	100	120	0	1	120	1	120	2.41E-89	254
parc	NHE101_parc_2_1	100	120	0	1	120	1	120	2.41E-89	254
parc	BMP935_parc_8_1	100	120	0	1	120	1	120	2.41E-89	254
parc	NHP1697_parc_7_1	100	120	0	1	120	1	120	2.41E-89	254
parc	NHP1377_parc_7_1	100	120	0	1	120	1	120	2.41E-89	254
parc	NHP1374_parc_8_1	100	120	0	1	120	1	120	2.41E-89	254
parc	NHP1346_parc_7_1	100	120	0	1	120	1	120	2.41E-89	254
parc	NHP2506_parc_8_1	100	120	0	1	120	1	120	2.41E-89	254
parc	NHP2628_parc_2_1	100	120	0	1	120	1	120	2.41E-89	254
parc	NHP2460_parc_8_1	100	120	0	1	120	1	120	2.41E-89	254
parc	NHP2523_parc_8_1	100	120	0	1	120	1	120	2.41E-89	254
parc	NHP2118_parc_14_1	100	120	0	1	120	1	120	2.41E-89	254
parc	NHP2011_parc_18_1	100	120	0	1	120	1	120	2.41E-89	254
parc	NHP2303_parc_7_1	100	120	0	1	120	1	120	2.41E-89	254
parc	NHP2299_parc_9_1	100	120	0	1	120	1	120	2.41E-89	254
parc	NHP2261_parc_3_1	100	120	0	1	120	1	120	2.41E-89	254
parc	NHP2256_parc_9_1	100	120	0	1	120	1	120	2.41E-89	254
parc	NHP2200_parc_7_1	100	120	0	1	120	1	120	2.41E-89	254
parc	NHP2079_parc_11_1	100	120	0	1	120	1	120	2.41E-89	254
parc	NHP2007_parc_9_1	100	120	0	1	120	1	120	2.41E-89	254
parc	NHP2066_parc_2_1	100	120	0	1	120	1	120	2.41E-89	254
parc	NHP2062_parc_2_1	100	120	0	1	120	1	120	2.41E-89	254
parc	NHP1981_parc_7_1	100	120	0	1	120	1	120	2.41E-89	254
parc	NHP2154_parc_2_1	100	120	0	1	120	1	120	2.41E-89	254
parc	NHP2352_parc_2_1	100	120	0	1	120	1	120	2.41E-89	254
parc	NHP2042_parc_8_1	100	120	0	1	120	1	120	2.41E-89	254
parc	NHE231_parc_5_1	100	120	0	1	120	1	120	2.41E-89	254
parc	NHE229_parc_9_1	100	120	0	1	120	1	120	2.41E-89	254
parc	NHE123_parc_6_1	100	120	0	1	120	1	120	2.41E-89	254
parc	NHP901_parc_2_1	100	120	0	1	120	1	120	2.41E-89	254
parc	NHP900_parc_1_1	100	120	0	1	120	1	120	2.41E-89	254
parc	NHE109_parc_6_1	100	120	0	1	120	1	120	2.41E-89	254
parc	NHE206_parc_7_1	100	120	0	1	120	1	120	2.41E-89	254
parc	NHE099_parc_3_1	100	120	0	1	120	1	120	2.41E-89	254
parc	NHE113_parc_7_1	100	120	0	1	120	1	120	2.41E-89	254
parc	NHP1701_parc_3_1	100	120	0	1	120	1	120	2.41E-89	254
parc	NHP1769_parc_6_1	100	120	0	1	120	1	120	2.41E-89	254
parc	NHP1699_parc_10_1	100	120	0	1	120	1	120	2.41E-89	254
parc	NHP1765_parc_6_1	100	120	0	1	120	1	120	2.41E-89	254
parc	NHP1754_parc_6_1	100	120	0	1	120	1	120	2.41E-89	254
parc	NHP1705_parc_3_1	100	120	0	1	120	1	120	2.41E-89	254
parc	NHP1514_parc_11_1	100	120	0	1	120	1	120	2.41E-89	254
parc	NHP1513_parc_8_1	100	120	0	1	120	1	120	2.41E-89	254
parc	NHP1506_parc_8_1	100	120	0	1	120	1	120	2.41E-89	254
parc	NHP984_parc_4_1	100	120	0	1	120	1	120	2.41E-89	254
parc	NHP1629_parc_7_1	100	120	0	1	120	1	120	2.41E-89	254
parc	NHP1479_parc_3_1	100	120	0	1	120	1	120	2.41E-89	254
parc	NHP1575_parc_7_1	100	120	0	1	120	1	120	2.41E-89	254
parc	NHP1072_parc_7_1	100	120	0	1	120	1	120	2.41E-89	254
parc	NHP957_parc_7_1	100	120	0	1	120	1	120	2.41E-89	254
parc	NHP955_parc_7_1	100	120	0	1	120	1	120	2.41E-89	254
parc	NHP1162_parc_7_1	100	120	0	1	120	1	120	2.41E-89	254
parc	NHP1161_parc_7_1	100	120	0	1	120	1	120	2.41E-89	254
parc	NHP1084_parc_5_1	100	120	0	1	120	1	120	2.41E-89	254
parc	NHP919_parc_7_1	100	120	0	1	120	1	120	2.41E-89	254
parc	NHP883_parc_6_1	100	120	0	1	120	1	120	2.41E-89	254
parc	NHP778_parc_1_1	100	120	0	1	120	1	120	2.41E-89	254
parc	NHP766_parc_3_1	100	120	0	1	120	1	120	2.41E-89	254
parc	NHP732_parc_7_1	100	120	0	1	120	1	120	2.41E-89	254
parc	NHP731_parc_7_1	100	120	0	1	120	1	120	2.41E-89	254
parc	NHP628_parc_8_1	100	120	0	1	120	1	120	2.41E-89	254
parc	NHP818_parc_6_1	100	120	0	1	120	1	120	2.41E-89	254
parc	NHP568_parc_13_1	100	120	0	1	120	1	120	2.41E-89	254
parc	NHP509_parc_8_1	100	120	0	1	120	1	120	2.41E-89	254
parc	NHP476_parc_8_1	100	120	0	1	120	1	120	2.41E-89	254
parc	NHP474_parc_5_1	100	120	0	1	120	1	120	2.41E-89	254
parc	NHP574_parc_8_1	100	120	0	1	120	1	120	2.41E-89	254
parc	NHP153_parc_5_1	100	120	0	1	120	1	120	2.41E-89	254
parc	NHP512_parc_7_1	100	120	0	1	120	1	120	2.41E-89	254
parc	NHP422_parc_9_1	100	120	0	1	120	1	120	2.41E-89	254
parc	NHP397_parc_5_1	100	120	0	1	120	1	120	2.41E-89	254
parc	NHP395_parc_17_1	100	120	0	1	120	1	120	2.41E-89	254
parc	NHP362_parc_10_1	100	120	0	1	120	1	120	2.41E-89	254
parc	BMP1169_parc_7_1	100	120	0	1	120	1	120	2.41E-89	254
parc	BMP999_parc_10_1	100	120	0	1	120	1	120	2.41E-89	254
parc	BMP918_parc_7_1	100	120	0	1	120	1	120	2.41E-89	254
parc	BMP905_parc_1_1	100	120	0	1	120	1	120	2.41E-89	254
parc	BMP853_parc_7_1	100	120	0	1	120	1	120	2.41E-89	254
parc	BMP744_parc_8_1	100	120	0	1	120	1	120	2.41E-89	254
parc	BMP133_parc_7_1	100	120	0	1	120	1	120	2.41E-89	254
parc	BMP032_parc_1_1	100	120	0	1	120	1	120	2.41E-89	254
parc	BMP025_parc_8_1	100	120	0	1	120	1	120	2.41E-89	254
parc	BMP008_parc_7_1	100	120	0	1	120	1	120	2.41E-89	254
parc	BMP617_parc_4_1	100	120	0	1	120	1	120	2.41E-89	254
parc	BMP590_parc_9_1	100	120	0	1	120	1	120	2.41E-89	254
parc	BMP538_parc_2_1	100	120	0	1	120	1	120	2.41E-89	254
parc	BMP533_parc_2_1	100	120	0	1	120	1	120	2.41E-89	254
parc	BMP371_parc_8_1	100	120	0	1	120	1	120	2.41E-89	254
parc	BMP287_parc_7_1	100	120	0	1	120	1	120	2.41E-89	254
parc	BMP286_parc_1_1	100	120	0	1	120	1	120	2.41E-89	254
parc	BMP263_parc_6_1	100	120	0	1	120	1	120	2.41E-89	254
parc	NHP293_parc_5_1	100	120	0	1	120	1	120	2.41E-89	254
parc	NHP270_parc_5_1	100	120	0	1	120	1	120	2.41E-89	254
parc	NHP269_parc_10_1	100	120	0	1	120	1	120	2.41E-89	254
parc	NHP123_parc_11_1	100	120	0	1	120	1	120	2.41E-89	254
parc	NHP102_parc_1_1	100	120	0	1	120	1	120	2.41E-89	254
parc	NHP095_parc_7_1	100	120	0	1	120	1	120	2.41E-89	254
parc	NHP093_parc_7_1	100	120	0	1	120	1	120	2.41E-89	254
parc	NHP044_parc_24_1	100	120	0	1	120	1	120	2.41E-89	254
parc	NHP035_parc_7_1	100	120	0	1	120	1	120	2.41E-89	254
parc	BMP1214_parc_13_1	100	120	0	1	120	1	120	2.41E-89	254
parc	uk_5A33J_parc_NODE_13_length_180172_cov_2.632_ID_11047_1	100	120	0	1	120	1	120	2.41E-89	254
parc	uk_19C21C_parc_NODE_5_length_319280_cov_3.74035_ID_4957_1	100	120	0	1	120	1	120	2.41E-89	254
parc	uk_19C8D_parc_NODE_7_length_267101_cov_3.23453_ID_10689_1	100	120	0	1	120	1	120	2.41E-89	254
parc	uk_18B24A_parc_NODE_24_length_95674_cov_3.89693_ID_10855_1	100	120	0	1	120	1	120	2.41E-89	254
parc	uk_18A34K_parc_NODE_2_length_492592_cov_3.77433_ID_9909_1	100	120	0	1	120	1	120	2.41E-89	254
parc	uk_18A11I_parc_NODE_6_length_319283_cov_4.89842_ID_8947_1	100	120	0	1	120	1	120	2.41E-89	254
parc	uk_18A5D_parc_NODE_6_length_266991_cov_3.36876_ID_8722_1	100	120	0	1	120	1	120	2.41E-89	254
parc	uk_18A3B_parc_NODE_3_length_314067_cov_5.43927_ID_6225_1	100	120	0	1	120	1	120	2.41E-89	254
parc	uk_17C22I_parc_NODE_9_length_180172_cov_4.49068_ID_10240_1	100	120	0	1	120	1	120	2.41E-89	254
parc	uk_17B14C_parc_NODE_1_length_633627_cov_2.85306_ID_9528_1	100	120	0	1	120	1	120	2.41E-89	254
parc	uk_17A18I_parc_NODE_8_length_267111_cov_3.87686_ID_9305_1	100	120	0	1	120	1	120	2.41E-89	254
parc	uk_17A9K_parc_NODE_6_length_267109_cov_3.78261_ID_11060_1	100	120	0	1	120	1	120	2.41E-89	254
parc	uk_8B30E_parc_NODE_1_length_650473_cov_3.53244_ID_9463_1	100	120	0	1	120	1	120	2.41E-89	254
parc	uk_17C30F_parc_NODE_2_length_767663_cov_2.72178_ID_8908_1	100	120	0	1	120	1	120	2.41E-89	254
parc	uk_8C25C_parc_NODE_8_length_313990_cov_3.53594_ID_9668_1	100	120	0	1	120	1	120	2.41E-89	254
parc	ERR4139190_parc_7_1	100	120	0	1	120	1	120	2.41E-89	254
parc	ERR4023134_parc_8_1	100	120	0	1	120	1	120	2.41E-89	254
parc	ERR4022833_parc_5_1	100	120	0	1	120	1	120	2.41E-89	254
parc	ERR3967819_parc_6_1	100	120	0	1	120	1	120	2.41E-89	254
parc	ERR3967811_parc_8_1	100	120	0	1	120	1	120	2.41E-89	254
parc	ERR3932296_parc_6_1	100	120	0	1	120	1	120	2.41E-89	254
parc	ERR3932294_parc_7_1	100	120	0	1	120	1	120	2.41E-89	254
parc	ERR3932280_parc_6_1	100	120	0	1	120	1	120	2.41E-89	254
parc	ERR3932278_parc_6_1	100	120	0	1	120	1	120	2.41E-89	254
parc	ERR3932274_parc_5_1	100	120	0	1	120	1	120	2.41E-89	254
parc	ERR3932268_parc_15_1	100	120	0	1	120	1	120	2.41E-89	254
parc	ERR3932251_parc_9_1	100	120	0	1	120	1	120	2.41E-89	254
parc	ERR3932158_parc_9_1	100	120	0	1	120	1	120	2.41E-89	254
parc	ERR3932072_parc_6_1	100	120	0	1	120	1	120	2.41E-89	254
parc	ERR3932018_parc_8_1	100	120	0	1	120	1	120	2.41E-89	254
parc	ERR3931814_parc_8_1	100	120	0	1	120	1	120	2.41E-89	254
parc	ERR3904538_parc_9_1	100	120	0	1	120	1	120	2.41E-89	254
parc	ERR3844749_parc_11_1	100	120	0	1	120	1	120	2.41E-89	254
parc	ERR3844707_parc_12_1	100	120	0	1	120	1	120	2.41E-89	254
parc	ERR3844705_parc_9_1	100	120	0	1	120	1	120	2.41E-89	254
parc	ERR3844689_parc_7_1	100	120	0	1	120	1	120	2.41E-89	254
parc	ERR3844686_parc_5_1	100	120	0	1	120	1	120	2.41E-89	254
parc	ERR3844672_parc_20_1	100	120	0	1	120	1	120	2.41E-89	254
parc	ERR3480673_parc_5_1	100	120	0	1	120	1	120	2.41E-89	254
parc	ERR3480636_parc_7_1	100	120	0	1	120	1	120	2.41E-89	254
parc	ERR3480634_parc_6_1	100	120	0	1	120	1	120	2.41E-89	254
parc	ERR3480592_parc_7_1	100	120	0	1	120	1	120	2.41E-89	254
parc	ERR3480591_parc_8_1	100	120	0	1	120	1	120	2.41E-89	254
parc	ERR3480576_parc_3_1	100	120	0	1	120	1	120	2.41E-89	254
parc	ERR3480571_parc_18_1	100	120	0	1	120	1	120	2.41E-89	254
parc	ERR3480567_parc_8_1	100	120	0	1	120	1	120	2.41E-89	254
parc	ERR3480532_parc_5_1	100	120	0	1	120	1	120	2.41E-89	254
parc	ERR3480449_parc_7_1	100	120	0	1	120	1	120	2.41E-89	254
parc	ERR3480440_parc_6_1	100	120	0	1	120	1	120	2.41E-89	254
parc	ERR3480434_parc_5_1	100	120	0	1	120	1	120	2.41E-89	254
parc	ERR3480433_parc_6_1	100	120	0	1	120	1	120	2.41E-89	254
parc	ERR3480419_parc_4_1	100	120	0	1	120	1	120	2.41E-89	254
parc	ERR3480414_parc_7_1	100	120	0	1	120	1	120	2.41E-89	254
parc	ERR3480406_parc_9_1	100	120	0	1	120	1	120	2.41E-89	254
parc	ERR3480391_parc_4_1	100	120	0	1	120	1	120	2.41E-89	254
parc	ERR3480390_parc_7_1	100	120	0	1	120	1	120	2.41E-89	254
parc	ERR3480377_parc_7_1	100	120	0	1	120	1	120	2.41E-89	254
parc	ERR3480376_parc_18_1	100	120	0	1	120	1	120	2.41E-89	254
parc	ERR3480375_parc_6_1	100	120	0	1	120	1	120	2.41E-89	254
parc	ERR3480350_parc_5_1	100	120	0	1	120	1	120	2.41E-89	254
parc	ERR3480338_parc_6_1	100	120	0	1	120	1	120	2.41E-89	254
parc	ERR3480332_parc_10_1	100	120	0	1	120	1	120	2.41E-89	254
parc	ERR3480325_parc_8_1	100	120	0	1	120	1	120	2.41E-89	254
parc	ERR3480324_parc_5_1	100	120	0	1	120	1	120	2.41E-89	254
parc	ERR3480318_parc_17_1	100	120	0	1	120	1	120	2.41E-89	254
parc	ERR3480317_parc_26_1	100	120	0	1	120	1	120	2.41E-89	254
parc	ERR3480309_parc_8_1	100	120	0	1	120	1	120	2.41E-89	254
parc	ERR3480274_parc_16_1	100	120	0	1	120	1	120	2.41E-89	254
parc	ERR3480262_parc_6_1	100	120	0	1	120	1	120	2.41E-89	254
parc	ERR3480260_parc_7_1	100	120	0	1	120	1	120	2.41E-89	254
parc	ERR3480115_parc_7_1	100	120	0	1	120	1	120	2.41E-89	254
parc	ERR3480103_parc_4_1	100	120	0	1	120	1	120	2.41E-89	254
parc	ERR3480022_parc_7_1	100	120	0	1	120	1	120	2.41E-89	254
parc	ERR3479988_parc_8_1	100	120	0	1	120	1	120	2.41E-89	254
parc	ERR3479932_parc_4_1	100	120	0	1	120	1	120	2.41E-89	254
parc	ERR3479931_parc_7_1	100	120	0	1	120	1	120	2.41E-89	254
parc	ERR3469908_parc_5_1	100	120	0	1	120	1	120	2.41E-89	254
parc	ERR3469905_parc_17_1	100	120	0	1	120	1	120	2.41E-89	254
parc	ERR3469878_parc_17_1	100	120	0	1	120	1	120	2.41E-89	254
parc	ERR3469876_parc_6_1	100	120	0	1	120	1	120	2.41E-89	254
parc	ERR3469869_parc_8_1	100	120	0	1	120	1	120	2.41E-89	254
parc	ERR3469868_parc_7_1	100	120	0	1	120	1	120	2.41E-89	254
parc	ERR3469867_parc_7_1	100	120	0	1	120	1	120	2.41E-89	254
parc	ERR3469814_parc_3_1	100	120	0	1	120	1	120	2.41E-89	254
parc	ERR3469801_parc_3_1	100	120	0	1	120	1	120	2.41E-89	254
parc	ERR3469800_parc_3_1	100	120	0	1	120	1	120	2.41E-89	254
parc	ERR3469786_parc_3_1	100	120	0	1	120	1	120	2.41E-89	254
parc	ERR3469785_parc_3_1	100	120	0	1	120	1	120	2.41E-89	254
parc	ERR3469781_parc_3_1	100	120	0	1	120	1	120	2.41E-89	254
parc	ERR3449598_parc_6_1	100	120	0	1	120	1	120	2.41E-89	254
parc	ERR3449557_parc_9_1	100	120	0	1	120	1	120	2.41E-89	254
parc	ERR3449551_parc_16_1	100	120	0	1	120	1	120	2.41E-89	254
parc	ERR3449508_parc_13_1	100	120	0	1	120	1	120	2.41E-89	254
parc	ERR3449471_parc_6_1	100	120	0	1	120	1	120	2.41E-89	254
parc	ERR3449459_parc_6_1	100	120	0	1	120	1	120	2.41E-89	254
parc	ERR3449442_parc_6_1	100	120	0	1	120	1	120	2.41E-89	254
parc	ERR3449432_parc_6_1	100	120	0	1	120	1	120	2.41E-89	254
parc	ERR3449424_parc_5_1	100	120	0	1	120	1	120	2.41E-89	254
parc	ERR3449410_parc_9_1	100	120	0	1	120	1	120	2.41E-89	254
parc	ERR3449249_parc_6_1	100	120	0	1	120	1	120	2.41E-89	254
parc	ERR3449223_parc_9_1	100	120	0	1	120	1	120	2.41E-89	254
parc	ERR3449222_parc_17_1	100	120	0	1	120	1	120	2.41E-89	254
parc	ERR3449187_parc_7_1	100	120	0	1	120	1	120	2.41E-89	254
parc	ERR3449139_parc_6_1	100	120	0	1	120	1	120	2.41E-89	254
parc	ERR3449115_parc_6_1	100	120	0	1	120	1	120	2.41E-89	254
parc	ERR3449110_parc_6_1	100	120	0	1	120	1	120	2.41E-89	254
parc	ERR3449109_parc_7_1	100	120	0	1	120	1	120	2.41E-89	254
parc	ERR3449052_parc_3_1	100	120	0	1	120	1	120	2.41E-89	254
parc	ERR3449051_parc_3_1	100	120	0	1	120	1	120	2.41E-89	254
parc	ERR3449050_parc_3_1	100	120	0	1	120	1	120	2.41E-89	254
parc	ERR3449036_parc_2_1	100	120	0	1	120	1	120	2.41E-89	254
parc	ERR3449000_parc_7_1	100	120	0	1	120	1	120	2.41E-89	254
parc	ERR3448949_parc_8_1	100	120	0	1	120	1	120	2.41E-89	254
parc	ERR3448901_parc_8_1	100	120	0	1	120	1	120	2.41E-89	254
parc	ERR3448900_parc_8_1	100	120	0	1	120	1	120	2.41E-89	254
parc	ERR3440417_parc_5_1	100	120	0	1	120	1	120	2.41E-89	254
parc	ERR3440363_parc_7_1	100	120	0	1	120	1	120	2.41E-89	254
parc	AR-S253_parc_10_1	100	120	0	1	120	1	120	2.41E-89	254
parc	AR-S649_parc_8_1	100	120	0	1	120	1	120	2.41E-89	254
parc	AR-254_parc_4_1	100	120	0	1	120	1	120	2.41E-89	254
parc	AR-609_parc_3_1	100	120	0	1	120	1	120	2.41E-89	254
parc	HS253_parc_4_1	100	120	0	1	120	1	120	2.41E-89	254
parc	ERR4782244_parc_8_1	100	120	0	1	120	1	120	2.41E-89	254
parc	ERR4782243_parc_9_1	100	120	0	1	120	1	120	2.41E-89	254
parc	ERR4781814_parc_8_1	100	120	0	1	120	1	120	2.41E-89	254
parc	ERR4781811_parc_7_1	100	120	0	1	120	1	120	2.41E-89	254
parc	ERR4781810_parc_7_1	100	120	0	1	120	1	120	2.41E-89	254
parc	ERR4661754_parc_7_1	100	120	0	1	120	1	120	2.41E-89	254
parc	ERR4661753_parc_7_1	100	120	0	1	120	1	120	2.41E-89	254
parc	ERR4661752_parc_7_1	100	120	0	1	120	1	120	2.41E-89	254
parc	ERR4661749_parc_7_1	100	120	0	1	120	1	120	2.41E-89	254
parc	ERR4661748_parc_19_1	100	120	0	1	120	1	120	2.41E-89	254
parc	ERR4661747_parc_5_1	100	120	0	1	120	1	120	2.41E-89	254
parc	ERR4661745_parc_11_1	100	120	0	1	120	1	120	2.41E-89	254
parc	ERR4661743_parc_8_1	100	120	0	1	120	1	120	2.41E-89	254
parc	ERR4661739_parc_5_1	100	120	0	1	120	1	120	2.41E-89	254
parc	ERR4635480_parc_9_1	100	120	0	1	120	1	120	2.41E-89	254
parc	ERR4635479_parc_10_1	100	120	0	1	120	1	120	2.41E-89	254
parc	ERR4635475_parc_7_1	100	120	0	1	120	1	120	2.41E-89	254
parc	ERR4635474_parc_5_1	100	120	0	1	120	1	120	2.41E-89	254
parc	ERR4635472_parc_8_1	100	120	0	1	120	1	120	2.41E-89	254
parc	ERR4635467_parc_6_1	100	120	0	1	120	1	120	2.41E-89	254
parc	ERR4635463_parc_7_1	100	120	0	1	120	1	120	2.41E-89	254
parc	ERR4635460_parc_22_1	100	120	0	1	120	1	120	2.41E-89	254
parc	ERR4635456_parc_7_1	100	120	0	1	120	1	120	2.41E-89	254
parc	ERR4635452_parc_10_1	100	120	0	1	120	1	120	2.41E-89	254
parc	ERR4635447_parc_10_1	100	120	0	1	120	1	120	2.41E-89	254
parc	ERR4635446_parc_9_1	100	120	0	1	120	1	120	2.41E-89	254
parc	ERR4635441_parc_8_1	100	120	0	1	120	1	120	2.41E-89	254
parc	ERR4635424_parc_5_1	100	120	0	1	120	1	120	2.41E-89	254
parc	ERR4635396_parc_4_1	100	120	0	1	120	1	120	2.41E-89	254
parc	ERR4635395_parc_4_1	100	120	0	1	120	1	120	2.41E-89	254
parc	ERR4635391_parc_5_1	100	120	0	1	120	1	120	2.41E-89	254
parc	ERR4635388_parc_1_1	100	120	0	1	120	1	120	2.41E-89	254
parc	ERR4635380_parc_5_1	100	120	0	1	120	1	120	2.41E-89	254
parc	ERR4635374_parc_5_1	100	120	0	1	120	1	120	2.41E-89	254
parc	ERR4635367_parc_7_1	100	120	0	1	120	1	120	2.41E-89	254
parc	ERR4635365_parc_1_1	100	120	0	1	120	1	120	2.41E-89	254
parc	ERR4635361_parc_5_1	100	120	0	1	120	1	120	2.41E-89	254
parc	ERR4635357_parc_6_1	100	120	0	1	120	1	120	2.41E-89	254
parc	ERR4635346_parc_27_1	100	120	0	1	120	1	120	2.41E-89	254
parc	ERR4635345_parc_16_1	100	120	0	1	120	1	120	2.41E-89	254
parc	ERR4635337_parc_2_1	100	120	0	1	120	1	120	2.41E-89	254
parc	ERR4635333_parc_6_1	100	120	0	1	120	1	120	2.41E-89	254
parc	ERR4635329_parc_8_1	100	120	0	1	120	1	120	2.41E-89	254
parc	ERR4635325_parc_5_1	100	120	0	1	120	1	120	2.41E-89	254
parc	ERR4635320_parc_6_1	100	120	0	1	120	1	120	2.41E-89	254
parc	ERR4635317_parc_5_1	100	120	0	1	120	1	120	2.41E-89	254
parc	ERR4635316_parc_8_1	100	120	0	1	120	1	120	2.41E-89	254
parc	ERR4635312_parc_7_1	100	120	0	1	120	1	120	2.41E-89	254
parc	ERR4635311_parc_8_1	100	120	0	1	120	1	120	2.41E-89	254
parc	ERR4635309_parc_7_1	100	120	0	1	120	1	120	2.41E-89	254
parc	ERR4635304_parc_5_1	100	120	0	1	120	1	120	2.41E-89	254
parc	ERR4635300_parc_8_1	100	120	0	1	120	1	120	2.41E-89	254
parc	ERR4635295_parc_7_1	100	120	0	1	120	1	120	2.41E-89	254
parc	ERR4635283_parc_1_1	100	120	0	1	120	1	120	2.41E-89	254
parc	ERR4635271_parc_18_1	100	120	0	1	120	1	120	2.41E-89	254
parc	ERR4635268_parc_11_1	100	120	0	1	120	1	120	2.41E-89	254
parc	ERR4635264_parc_12_1	100	120	0	1	120	1	120	2.41E-89	254
parc	ERR4635254_parc_17_1	100	120	0	1	120	1	120	2.41E-89	254
parc	ERR4635249_parc_7_1	100	120	0	1	120	1	120	2.41E-89	254
parc	ERR4635246_parc_7_1	100	120	0	1	120	1	120	2.41E-89	254
parc	ERR4635245_parc_7_1	100	120	0	1	120	1	120	2.41E-89	254
parc	ERR4635237_parc_9_1	100	120	0	1	120	1	120	2.41E-89	254
parc	ERR4635236_parc_7_1	100	120	0	1	120	1	120	2.41E-89	254
parc	ERR4635227_parc_7_1	100	120	0	1	120	1	120	2.41E-89	254
parc	ERR4635224_parc_8_1	100	120	0	1	120	1	120	2.41E-89	254
parc	ERR4635223_parc_7_1	100	120	0	1	120	1	120	2.41E-89	254
parc	ERR4635219_parc_7_1	100	120	0	1	120	1	120	2.41E-89	254
parc	ERR4635217_parc_7_1	100	120	0	1	120	1	120	2.41E-89	254
parc	ERR4635215_parc_5_1	100	120	0	1	120	1	120	2.41E-89	254
parc	ERR4635214_parc_6_1	100	120	0	1	120	1	120	2.41E-89	254
parc	ERR4635212_parc_6_1	100	120	0	1	120	1	120	2.41E-89	254
parc	ERR4635204_parc_7_1	100	120	0	1	120	1	120	2.41E-89	254
parc	ERR4635203_parc_11_1	100	120	0	1	120	1	120	2.41E-89	254
parc	ERR4635202_parc_5_1	100	120	0	1	120	1	120	2.41E-89	254
parc	ERR4635200_parc_8_1	100	120	0	1	120	1	120	2.41E-89	254
parc	ERR4635198_parc_4_1	100	120	0	1	120	1	120	2.41E-89	254
parc	ERR4635194_parc_5_1	100	120	0	1	120	1	120	2.41E-89	254
parc	ERR4635191_parc_7_1	100	120	0	1	120	1	120	2.41E-89	254
parc	ERR4635190_parc_4_1	100	120	0	1	120	1	120	2.41E-89	254
parc	ERR4635188_parc_7_1	100	120	0	1	120	1	120	2.41E-89	254
parc	ERR4635185_parc_5_1	100	120	0	1	120	1	120	2.41E-89	254
parc	ERR4635183_parc_5_1	100	120	0	1	120	1	120	2.41E-89	254
parc	ERR4635182_parc_26_1	100	120	0	1	120	1	120	2.41E-89	254
parc	ERR4635177_parc_7_1	100	120	0	1	120	1	120	2.41E-89	254
parc	ERR4635173_parc_7_1	100	120	0	1	120	1	120	2.41E-89	254
parc	ERR4635169_parc_4_1	100	120	0	1	120	1	120	2.41E-89	254
parc	ERR4635165_parc_27_1	100	120	0	1	120	1	120	2.41E-89	254
parc	ERR4635163_parc_7_1	100	120	0	1	120	1	120	2.41E-89	254
parc	ERR4635161_parc_10_1	100	120	0	1	120	1	120	2.41E-89	254
parc	ERR4635159_parc_19_1	100	120	0	1	120	1	120	2.41E-89	254
parc	ERR4635157_parc_6_1	100	120	0	1	120	1	120	2.41E-89	254
parc	ERR4635151_parc_7_1	100	120	0	1	120	1	120	2.41E-89	254
parc	ERR4635149_parc_8_1	100	120	0	1	120	1	120	2.41E-89	254
parc	ERR4635147_parc_6_1	100	120	0	1	120	1	120	2.41E-89	254
parc	ERR4635143_parc_7_1	100	120	0	1	120	1	120	2.41E-89	254
parc	ERR4635140_parc_8_1	100	120	0	1	120	1	120	2.41E-89	254
parc	ERR4635139_parc_16_1	100	120	0	1	120	1	120	2.41E-89	254
parc	ERR4635136_parc_5_1	100	120	0	1	120	1	120	2.41E-89	254
parc	ERR4635131_parc_8_1	100	120	0	1	120	1	120	2.41E-89	254
parc	ERR4635130_parc_9_1	100	120	0	1	120	1	120	2.41E-89	254
parc	ERR4635122_parc_7_1	100	120	0	1	120	1	120	2.41E-89	254
parc	ERR4635120_parc_7_1	100	120	0	1	120	1	120	2.41E-89	254
parc	ERR4635119_parc_15_1	100	120	0	1	120	1	120	2.41E-89	254
parc	ERR4635118_parc_7_1	100	120	0	1	120	1	120	2.41E-89	254
parc	ERR4635115_parc_15_1	100	120	0	1	120	1	120	2.41E-89	254
parc	ERR4635112_parc_8_1	100	120	0	1	120	1	120	2.41E-89	254
parc	ERR4635110_parc_7_1	100	120	0	1	120	1	120	2.41E-89	254
parc	ERR4635108_parc_7_1	100	120	0	1	120	1	120	2.41E-89	254
parc	ERR4635107_parc_7_1	100	120	0	1	120	1	120	2.41E-89	254
parc	ERR4635106_parc_7_1	100	120	0	1	120	1	120	2.41E-89	254
parc	ERR4635102_parc_13_1	100	120	0	1	120	1	120	2.41E-89	254
parc	ERR4635101_parc_6_1	100	120	0	1	120	1	120	2.41E-89	254
parc	ERR486789_parc_6_1	100	120	0	1	120	1	120	2.41E-89	254
parc	ERR486785_parc_2_1	100	120	0	1	120	1	120	2.41E-89	254
parc	ERR486775_parc_6_1	100	120	0	1	120	1	120	2.41E-89	254
parc	ERR486774_parc_8_1	100	120	0	1	120	1	120	2.41E-89	254
parc	ERR486772_parc_4_1	100	120	0	1	120	1	120	2.41E-89	254
parc	ERR486517_parc_8_1	100	120	0	1	120	1	120	2.41E-89	254
parc	ERR486510_parc_13_1	100	120	0	1	120	1	120	2.41E-89	254
parc	ERR486508_parc_27_1	100	120	0	1	120	1	120	2.41E-89	254
parc	ERR486506_parc_4_1	100	120	0	1	120	1	120	2.41E-89	254
parc	ERR486472_parc_15_1	100	120	0	1	120	1	120	2.41E-89	254
parc	ERR486459_parc_4_1	100	120	0	1	120	1	120	2.41E-89	254
parc	ERR486457_parc_5_1	100	120	0	1	120	1	120	2.41E-89	254
parc	ERR486431_parc_5_1	100	120	0	1	120	1	120	2.41E-89	254
parc	ERR486429_parc_6_1	100	120	0	1	120	1	120	2.41E-89	254
parc	ERR486422_parc_7_1	100	120	0	1	120	1	120	2.41E-89	254
parc	ERR486414_parc_11_1	100	120	0	1	120	1	120	2.41E-89	254
parc	ERR486411_parc_6_1	100	120	0	1	120	1	120	2.41E-89	254
parc	ERR486409_parc_7_1	100	120	0	1	120	1	120	2.41E-89	254
parc	ERR486408_parc_7_1	100	120	0	1	120	1	120	2.41E-89	254
parc	ERR486405_parc_6_1	100	120	0	1	120	1	120	2.41E-89	254
parc	ERR486403_parc_6_1	100	120	0	1	120	1	120	2.41E-89	254
parc	ERR486402_parc_9_1	100	120	0	1	120	1	120	2.41E-89	254
parc	ERR486399_parc_7_1	100	120	0	1	120	1	120	2.41E-89	254
parc	ERR486396_parc_4_1	100	120	0	1	120	1	120	2.41E-89	254
parc	ERR486392_parc_8_1	100	120	0	1	120	1	120	2.41E-89	254
parc	ERR486365_parc_17_1	100	120	0	1	120	1	120	2.41E-89	254
parc	ERR486311_parc_10_1	100	120	0	1	120	1	120	2.41E-89	254
parc	ERR486305_parc_10_1	100	120	0	1	120	1	120	2.41E-89	254
parc	ERR486302_parc_11_1	100	120	0	1	120	1	120	2.41E-89	254
parc	ERR486284_parc_17_1	100	120	0	1	120	1	120	2.41E-89	254
parc	ERR474553_parc_6_1	100	120	0	1	120	1	120	2.41E-89	254
parc	ERR474508_parc_6_1	100	120	0	1	120	1	120	2.41E-89	254
parc	ERR474467_parc_5_1	100	120	0	1	120	1	120	2.41E-89	254
parc	NK_H8_118_parc_8_1	100	120	0	1	120	1	120	2.41E-89	254
parc	NK_H8_096_parc_1_1	100	120	0	1	120	1	120	2.41E-89	254
parc	NK_H8_083_parc_6_1	100	120	0	1	120	1	120	2.41E-89	254
parc	NK_H4_031_parc_7_1	100	120	0	1	120	1	120	2.41E-89	254
parc	NK_H3_020_parc_6_1	100	120	0	1	120	1	120	2.41E-89	254
parc	NK_H3_013_parc_7_1	100	120	0	1	120	1	120	2.41E-89	254
parc	NK_H26_002_parc_13_1	100	120	0	1	120	1	120	2.41E-89	254
parc	NK_H24_047_parc_8_1	100	120	0	1	120	1	120	2.41E-89	254
parc	NK_H24_030_parc_7_1	100	120	0	1	120	1	120	2.41E-89	254
parc	NK_H23_020_parc_6_1	100	120	0	1	120	1	120	2.41E-89	254
parc	NK_H22_084_parc_6_1	100	120	0	1	120	1	120	2.41E-89	254
parc	NK_H22_014_parc_6_1	100	120	0	1	120	1	120	2.41E-89	254
parc	NK_H22_010_parc_20_1	100	120	0	1	120	1	120	2.41E-89	254
parc	NK_H18_074_parc_1_1	100	120	0	1	120	1	120	2.41E-89	254
parc	NK_H18_052_parc_14_1	100	120	0	1	120	1	120	2.41E-89	254
parc	NK_H18_047_parc_7_1	100	120	0	1	120	1	120	2.41E-89	254
parc	NK_H18_025_parc_6_1	100	120	0	1	120	1	120	2.41E-89	254
parc	NK_H18_019_parc_4_1	100	120	0	1	120	1	120	2.41E-89	254
parc	NK_H18_007_parc_1_1	100	120	0	1	120	1	120	2.41E-89	254
parc	NK_H14_073_parc_6_1	100	120	0	1	120	1	120	2.41E-89	254
parc	NK_H14_072_parc_9_1	100	120	0	1	120	1	120	2.41E-89	254
parc	NK_H14_055_parc_4_1	100	120	0	1	120	1	120	2.41E-89	254
parc	NK_H12_086_parc_17_1	100	120	0	1	120	1	120	2.41E-89	254
parc	NK_H12_051_parc_6_1	100	120	0	1	120	1	120	2.41E-89	254
parc	NK_H12_038_parc_6_1	100	120	0	1	120	1	120	2.41E-89	254
parc	NK_H1_085_parc_5_1	100	120	0	1	120	1	120	2.41E-89	254
parc	NK_H1_079_parc_6_1	100	120	0	1	120	1	120	2.41E-89	254
parc	NK_H1_074_parc_9_1	100	120	0	1	120	1	120	2.41E-89	254
parc	NK_H1_021_parc_9_1	100	120	0	1	120	1	120	2.41E-89	254
parc	NK_H10_003_parc_5_1	100	120	0	1	120	1	120	2.41E-89	254
parc	G18503404_parc_8_1	100	120	0	1	120	1	120	2.41E-89	254
parc	G18600045_parc_16_1	100	120	0	1	120	1	120	2.41E-89	254
parc	G18600042_parc_5_1	100	120	0	1	120	1	120	2.41E-89	254
parc	G18584207_parc_7_1	100	120	0	1	120	1	120	2.41E-89	254
parc	G18584056_parc_12_1	100	120	0	1	120	1	120	2.41E-89	254
parc	G18503179_parc_5_1	100	120	0	1	120	1	120	2.41E-89	254
parc	G18584051_parc_8_1	100	120	0	1	120	1	120	2.41E-89	254
parc	G18584177_parc_10_1	100	120	0	1	120	1	120	2.41E-89	254
parc	G18584176_parc_7_1	100	120	0	1	120	1	120	2.41E-89	254
parc	G18584175_parc_10_1	100	120	0	1	120	1	120	2.41E-89	254
parc	G18584182_parc_8_1	100	120	0	1	120	1	120	2.41E-89	254
parc	G18583078_parc_3_1	100	120	0	1	120	1	120	2.41E-89	254
parc	G18503175_parc_12_1	100	120	0	1	120	1	120	2.41E-89	254
parc	G18584190_parc_7_1	100	120	0	1	120	1	120	2.41E-89	254
parc	G18584146_parc_7_1	100	120	0	1	120	1	120	2.41E-89	254
parc	G18503195_parc_7_1	100	120	0	1	120	1	120	2.41E-89	254
parc	G18584143_parc_10_1	100	120	0	1	120	1	120	2.41E-89	254
parc	G18584194_parc_7_1	100	120	0	1	120	1	120	2.41E-89	254
parc	G18584195_parc_5_1	100	120	0	1	120	1	120	2.41E-89	254
parc	G18584198_parc_13_1	100	120	0	1	120	1	120	2.41E-89	254
parc	G18584142_parc_6_1	100	120	0	1	120	1	120	2.41E-89	254
parc	G18503171_parc_7_1	100	120	0	1	120	1	120	2.41E-89	254
parc	G18584141_parc_7_1	100	120	0	1	120	1	120	2.41E-89	254
parc	G18503167_parc_6_1	100	120	0	1	120	1	120	2.41E-89	254
parc	G18583057_parc_7_1	100	120	0	1	120	1	120	2.41E-89	254
parc	G18583075_parc_7_1	100	120	0	1	120	1	120	2.41E-89	254
parc	G18583077_parc_7_1	100	120	0	1	120	1	120	2.41E-89	254
parc	G18503166_parc_2_1	100	120	0	1	120	1	120	2.41E-89	254
parc	G18584057_parc_4_1	100	120	0	1	120	1	120	2.41E-89	254
parc	G18583076_parc_7_1	100	120	0	1	120	1	120	2.41E-89	254
parc	G18584016_parc_6_1	100	120	0	1	120	1	120	2.41E-89	254
parc	G18584203_parc_7_1	100	120	0	1	120	1	120	2.41E-89	254
parc	G18583089_parc_3_1	100	120	0	1	120	1	120	2.41E-89	254
parc	G18583099_parc_7_1	100	120	0	1	120	1	120	2.41E-89	254
parc	G18584204_parc_7_1	100	120	0	1	120	1	120	2.41E-89	254
parc	G18584201_parc_7_1	100	120	0	1	120	1	120	2.41E-89	254
parc	G18503170_parc_2_1	100	120	0	1	120	1	120	2.41E-89	254
parc	G18584200_parc_3_1	100	120	0	1	120	1	120	2.41E-89	254
parc	G18584139_parc_10_1	100	120	0	1	120	1	120	2.41E-89	254
parc	G18503177_parc_6_1	100	120	0	1	120	1	120	2.41E-89	254
parc	G18584170_parc_5_1	100	120	0	1	120	1	120	2.41E-89	254
parc	G18584055_parc_11_1	100	120	0	1	120	1	120	2.41E-89	254
parc	G18584024_parc_6_1	100	120	0	1	120	1	120	2.41E-89	254
parc	G18584171_parc_7_1	100	120	0	1	120	1	120	2.41E-89	254
parc	G18584178_parc_7_1	100	120	0	1	120	1	120	2.41E-89	254
parc	G18584181_parc_7_1	100	120	0	1	120	1	120	2.41E-89	254
parc	KP51-20_parc_4_1	100	120	0	1	120	1	120	2.41E-89	254
parc	KP47-20_parc_25_1	100	120	0	1	120	1	120	2.41E-89	254
parc	KP45-21_parc_16_1	100	120	0	1	120	1	120	2.41E-89	254
parc	KP44-20_parc_5_1	100	120	0	1	120	1	120	2.41E-89	254
parc	KP34-20_parc_8_1	100	120	0	1	120	1	120	2.41E-89	254
parc	SRR5387427_parc_4_1	100	120	0	1	120	1	120	2.41E-89	254
parc	SRR5387426_parc_23_1	100	120	0	1	120	1	120	2.41E-89	254
parc	SRR5387415_parc_5_1	100	120	0	1	120	1	120	2.41E-89	254
parc	SRR5387412_parc_9_1	100	120	0	1	120	1	120	2.41E-89	254
parc	SRR5387409_parc_24_1	100	120	0	1	120	1	120	2.41E-89	254
parc	SRR5387403_parc_23_1	100	120	0	1	120	1	120	2.41E-89	254
parc	SRR5387389_parc_25_1	100	120	0	1	120	1	120	2.41E-89	254
parc	SRR5387364_parc_4_1	100	120	0	1	120	1	120	2.41E-89	254
parc	SRR5387362_parc_4_1	100	120	0	1	120	1	120	2.41E-89	254
parc	SRR5387341_parc_13_1	100	120	0	1	120	1	120	2.41E-89	254
parc	SRR5387337_parc_24_1	100	120	0	1	120	1	120	2.41E-89	254
parc	SRR5387334_parc_16_1	100	120	0	1	120	1	120	2.41E-89	254
parc	SRR5387328_parc_22_1	100	120	0	1	120	1	120	2.41E-89	254
parc	SRR5387322_parc_20_1	100	120	0	1	120	1	120	2.41E-89	254
parc	SRR5387310_parc_6_1	100	120	0	1	120	1	120	2.41E-89	254
parc	SRR5387307_parc_24_1	100	120	0	1	120	1	120	2.41E-89	254
parc	SRR5387304_parc_21_1	100	120	0	1	120	1	120	2.41E-89	254
parc	SRR5387303_parc_1_1	100	120	0	1	120	1	120	2.41E-89	254
parc	SRR5387302_parc_27_1	100	120	0	1	120	1	120	2.41E-89	254
parc	SRR5387300_parc_25_1	100	120	0	1	120	1	120	2.41E-89	254
parc	SRR5387290_parc_2_1	100	120	0	1	120	1	120	2.41E-89	254
parc	SRR5387283_parc_7_1	100	120	0	1	120	1	120	2.41E-89	254
parc	SRR5387281_parc_11_1	100	120	0	1	120	1	120	2.41E-89	254
parc	SRR5387275_parc_23_1	100	120	0	1	120	1	120	2.41E-89	254
parc	SRR5387271_parc_1_1	100	120	0	1	120	1	120	2.41E-89	254
parc	SRR5387264_parc_22_1	100	120	0	1	120	1	120	2.41E-89	254
parc	SRR5387259_parc_5_1	100	120	0	1	120	1	120	2.41E-89	254
parc	SRR5387248_parc_23_1	100	120	0	1	120	1	120	2.41E-89	254
parc	SRR5387239_parc_23_1	100	120	0	1	120	1	120	2.41E-89	254
parc	SRR5387231_parc_6_1	100	120	0	1	120	1	120	2.41E-89	254
parc	SRR5387230_parc_29_1	100	120	0	1	120	1	120	2.41E-89	254
parc	SRR5387193_parc_9_1	100	120	0	1	120	1	120	2.41E-89	254
parc	SRR5387175_parc_6_1	100	120	0	1	120	1	120	2.41E-89	254
parc	SRR5387170_parc_27_1	100	120	0	1	120	1	120	2.41E-89	254
parc	SRR5387010_parc_2_1	100	120	0	1	120	1	120	2.41E-89	254
parc	SRR5387007_parc_20_1	100	120	0	1	120	1	120	2.41E-89	254
parc	SRR5386988_parc_21_1	100	120	0	1	120	1	120	2.41E-89	254
parc	SRR5386976_parc_7_1	100	120	0	1	120	1	120	2.41E-89	254
parc	SRR5386965_parc_3_1	100	120	0	1	120	1	120	2.41E-89	254
parc	SRR5386964_parc_25_1	100	120	0	1	120	1	120	2.41E-89	254
parc	SRR5386956_parc_22_1	100	120	0	1	120	1	120	2.41E-89	254
parc	SRR5386948_parc_22_1	100	120	0	1	120	1	120	2.41E-89	254
parc	SRR5386939_parc_39_1	100	120	0	1	120	1	120	2.41E-89	254
parc	SRR5386930_parc_21_1	100	120	0	1	120	1	120	2.41E-89	254
parc	SRR5386927_parc_12_1	100	120	0	1	120	1	120	2.41E-89	254
parc	SRR5386849_parc_5_1	100	120	0	1	120	1	120	2.41E-89	254
parc	SRR5386847_parc_19_1	100	120	0	1	120	1	120	2.41E-89	254
parc	SRR5386840_parc_7_1	100	120	0	1	120	1	120	2.41E-89	254
parc	SRR5386839_parc_18_1	100	120	0	1	120	1	120	2.41E-89	254
parc	SRR5386835_parc_20_1	100	120	0	1	120	1	120	2.41E-89	254
parc	SRR5386834_parc_29_1	100	120	0	1	120	1	120	2.41E-89	254
parc	SRR5386831_parc_3_1	100	120	0	1	120	1	120	2.41E-89	254
parc	SRR5386829_parc_3_1	100	120	0	1	120	1	120	2.41E-89	254
parc	SRR5386827_parc_70_1	100	120	0	1	120	1	120	2.41E-89	254
parc	SRR5386823_parc_25_1	100	120	0	1	120	1	120	2.41E-89	254
parc	SRR5386820_parc_6_1	100	120	0	1	120	1	120	2.41E-89	254
parc	SRR5386815_parc_29_1	100	120	0	1	120	1	120	2.41E-89	254
parc	SRR5386814_parc_22_1	100	120	0	1	120	1	120	2.41E-89	254
parc	SRR5386812_parc_24_1	100	120	0	1	120	1	120	2.41E-89	254
parc	SRR5386796_parc_8_1	100	120	0	1	120	1	120	2.41E-89	254
parc	SRR5386795_parc_7_1	100	120	0	1	120	1	120	2.41E-89	254
parc	SRR5386776_parc_1_1	100	120	0	1	120	1	120	2.41E-89	254
parc	SRR5386775_parc_3_1	100	120	0	1	120	1	120	2.41E-89	254
parc	SRR5386768_parc_25_1	100	120	0	1	120	1	120	2.41E-89	254
parc	SRR5386766_parc_4_1	100	120	0	1	120	1	120	2.41E-89	254
parc	SRR5386758_parc_2_1	100	120	0	1	120	1	120	2.41E-89	254
parc	SRR5386754_parc_3_1	100	120	0	1	120	1	120	2.41E-89	254
parc	SRR5386751_parc_26_1	100	120	0	1	120	1	120	2.41E-89	254
parc	SRR5386750_parc_25_1	100	120	0	1	120	1	120	2.41E-89	254
parc	SRR5386742_parc_8_1	100	120	0	1	120	1	120	2.41E-89	254
parc	SRR5386739_parc_24_1	100	120	0	1	120	1	120	2.41E-89	254
parc	SRR5386708_parc_5_1	100	120	0	1	120	1	120	2.41E-89	254
parc	SRR5386699_parc_10_1	100	120	0	1	120	1	120	2.41E-89	254
parc	SRR5386694_parc_1_1	100	120	0	1	120	1	120	2.41E-89	254
parc	SRR5386681_parc_3_1	100	120	0	1	120	1	120	2.41E-89	254
parc	SRR5386665_parc_8_1	100	120	0	1	120	1	120	2.41E-89	254
parc	SRR5386664_parc_13_1	100	120	0	1	120	1	120	2.41E-89	254
parc	SRR5386649_parc_3_1	100	120	0	1	120	1	120	2.41E-89	254
parc	SRR5386647_parc_7_1	100	120	0	1	120	1	120	2.41E-89	254
parc	SRR5386635_parc_14_1	100	120	0	1	120	1	120	2.41E-89	254
parc	SRR5386634_parc_25_1	100	120	0	1	120	1	120	2.41E-89	254
parc	SRR5386621_parc_9_1	100	120	0	1	120	1	120	2.41E-89	254
parc	SRR5386595_parc_6_1	100	120	0	1	120	1	120	2.41E-89	254
parc	SRR5386574_parc_23_1	100	120	0	1	120	1	120	2.41E-89	254
parc	SRR5386572_parc_23_1	100	120	0	1	120	1	120	2.41E-89	254
parc	SRR5386562_parc_20_1	100	120	0	1	120	1	120	2.41E-89	254
parc	SRR5386557_parc_5_1	100	120	0	1	120	1	120	2.41E-89	254
parc	SRR5386534_parc_8_1	100	120	0	1	120	1	120	2.41E-89	254
parc	SRR5386526_parc_36_1	100	120	0	1	120	1	120	2.41E-89	254
parc	SRR5386520_parc_35_1	100	120	0	1	120	1	120	2.41E-89	254
parc	SRR5386504_parc_4_1	100	120	0	1	120	1	120	2.41E-89	254
parc	SRR5386501_parc_8_1	100	120	0	1	120	1	120	2.41E-89	254
parc	SRR5386497_parc_22_1	100	120	0	1	120	1	120	2.41E-89	254
parc	SRR5386495_parc_26_1	100	120	0	1	120	1	120	2.41E-89	254
parc	SRR5386491_parc_3_1	100	120	0	1	120	1	120	2.41E-89	254
parc	SRR5386487_parc_19_1	100	120	0	1	120	1	120	2.41E-89	254
parc	SRR5386481_parc_5_1	100	120	0	1	120	1	120	2.41E-89	254
parc	SRR5386477_parc_8_1	100	120	0	1	120	1	120	2.41E-89	254
parc	SRR5386475_parc_24_1	100	120	0	1	120	1	120	2.41E-89	254
parc	SRR5386461_parc_20_1	100	120	0	1	120	1	120	2.41E-89	254
parc	SRR5386386_parc_17_1	100	120	0	1	120	1	120	2.41E-89	254
parc	SRR5386377_parc_1_1	100	120	0	1	120	1	120	2.41E-89	254
parc	SRR5386376_parc_18_1	100	120	0	1	120	1	120	2.41E-89	254
parc	SRR5386315_parc_25_1	100	120	0	1	120	1	120	2.41E-89	254
parc	SRR5386314_parc_4_1	100	120	0	1	120	1	120	2.41E-89	254
parc	SRR5386297_parc_3_1	100	120	0	1	120	1	120	2.41E-89	254
parc	SRR5386268_parc_12_1	100	120	0	1	120	1	120	2.41E-89	254
parc	SRR5386267_parc_13_1	100	120	0	1	120	1	120	2.41E-89	254
parc	SRR5386249_parc_15_1	100	120	0	1	120	1	120	2.41E-89	254
parc	SRR5386233_parc_6_1	100	120	0	1	120	1	120	2.41E-89	254
parc	SRR5386230_parc_3_1	100	120	0	1	120	1	120	2.41E-89	254
parc	SRR5386217_parc_3_1	100	120	0	1	120	1	120	2.41E-89	254
parc	SRR5386213_parc_5_1	100	120	0	1	120	1	120	2.41E-89	254
parc	SRR5386171_parc_16_1	100	120	0	1	120	1	120	2.41E-89	254
parc	SRR5386160_parc_6_1	100	120	0	1	120	1	120	2.41E-89	254
parc	SRR5386152_parc_15_1	100	120	0	1	120	1	120	2.41E-89	254
parc	SRR5386143_parc_9_1	100	120	0	1	120	1	120	2.41E-89	254
parc	SRR5386120_parc_14_1	100	120	0	1	120	1	120	2.41E-89	254
parc	SRR5386114_parc_4_1	100	120	0	1	120	1	120	2.41E-89	254
parc	SRR5386112_parc_2_1	100	120	0	1	120	1	120	2.41E-89	254
parc	SRR5386110_parc_26_1	100	120	0	1	120	1	120	2.41E-89	254
parc	SRR5386107_parc_4_1	100	120	0	1	120	1	120	2.41E-89	254
parc	SRR5386100_parc_7_1	100	120	0	1	120	1	120	2.41E-89	254
parc	SRR5386099_parc_2_1	100	120	0	1	120	1	120	2.41E-89	254
parc	SRR5386086_parc_6_1	100	120	0	1	120	1	120	2.41E-89	254
parc	SRR5386084_parc_2_1	100	120	0	1	120	1	120	2.41E-89	254
parc	SRR5386082_parc_4_1	100	120	0	1	120	1	120	2.41E-89	254
parc	SRR5386080_parc_2_1	100	120	0	1	120	1	120	2.41E-89	254
parc	SRR5386062_parc_2_1	100	120	0	1	120	1	120	2.41E-89	254
parc	SRR5386051_parc_2_1	100	120	0	1	120	1	120	2.41E-89	254
parc	SRR5386046_parc_13_1	100	120	0	1	120	1	120	2.41E-89	254
parc	SRR5386043_parc_11_1	100	120	0	1	120	1	120	2.41E-89	254
parc	SRR5386040_parc_8_1	100	120	0	1	120	1	120	2.41E-89	254
parc	SRR5386038_parc_1_1	100	120	0	1	120	1	120	2.41E-89	254
parc	SRR5386001_parc_26_1	100	120	0	1	120	1	120	2.41E-89	254
parc	SRR5385970_parc_1_1	100	120	0	1	120	1	120	2.41E-89	254
parc	SRR5385964_parc_5_1	100	120	0	1	120	1	120	2.41E-89	254
parc	SRR5385962_parc_4_1	100	120	0	1	120	1	120	2.41E-89	254
parc	SRR5385958_parc_26_1	100	120	0	1	120	1	120	2.41E-89	254
parc	SRR5385920_parc_6_1	100	120	0	1	120	1	120	2.41E-89	254
parc	SRR5385879_parc_23_1	100	120	0	1	120	1	120	2.41E-89	254
parc	SRR5385878_parc_26_1	100	120	0	1	120	1	120	2.41E-89	254
parc	SRR5385871_parc_5_1	100	120	0	1	120	1	120	2.41E-89	254
parc	SRR5385867_parc_5_1	100	120	0	1	120	1	120	2.41E-89	254
parc	SRR5385866_parc_5_1	100	120	0	1	120	1	120	2.41E-89	254
parc	SRR5385862_parc_5_1	100	120	0	1	120	1	120	2.41E-89	254
parc	SRR5385852_parc_5_1	100	120	0	1	120	1	120	2.41E-89	254
parc	SRR5385836_parc_23_1	100	120	0	1	120	1	120	2.41E-89	254
parc	SRR5385831_parc_23_1	100	120	0	1	120	1	120	2.41E-89	254
parc	SRR5385829_parc_25_1	100	120	0	1	120	1	120	2.41E-89	254
parc	SRR5385823_parc_34_1	100	120	0	1	120	1	120	2.41E-89	254
parc	SRR5385822_parc_22_1	100	120	0	1	120	1	120	2.41E-89	254
parc	SRR5385821_parc_30_1	100	120	0	1	120	1	120	2.41E-89	254
parc	SRR5385816_parc_30_1	100	120	0	1	120	1	120	2.41E-89	254
parc	SRR5385814_parc_28_1	100	120	0	1	120	1	120	2.41E-89	254
parc	SRR5385809_parc_8_1	100	120	0	1	120	1	120	2.41E-89	254
parc	SRR5385805_parc_18_1	100	120	0	1	120	1	120	2.41E-89	254
parc	SRR5385798_parc_31_1	100	120	0	1	120	1	120	2.41E-89	254
parc	SRR5385796_parc_18_1	100	120	0	1	120	1	120	2.41E-89	254
parc	SRR5385793_parc_5_1	100	120	0	1	120	1	120	2.41E-89	254
parc	SRR5385768_parc_19_1	100	120	0	1	120	1	120	2.41E-89	254
parc	SRR5385767_parc_15_1	100	120	0	1	120	1	120	2.41E-89	254
parc	SRR5385756_parc_82_1	100	120	0	1	120	1	120	2.41E-89	254
parc	SRR5385745_parc_16_1	100	120	0	1	120	1	120	2.41E-89	254
parc	SRR5385743_parc_26_1	100	120	0	1	120	1	120	2.41E-89	254
parc	SRR5385741_parc_28_1	100	120	0	1	120	1	120	2.41E-89	254
parc	SRR5385739_parc_20_1	100	120	0	1	120	1	120	2.41E-89	254
parc	SRR5385728_parc_14_1	100	120	0	1	120	1	120	2.41E-89	254
parc	SRR5385725_parc_8_1	100	120	0	1	120	1	120	2.41E-89	254
parc	SRR5385714_parc_7_1	100	120	0	1	120	1	120	2.41E-89	254
parc	SRR5385713_parc_19_1	100	120	0	1	120	1	120	2.41E-89	254
parc	SRR5385709_parc_5_1	100	120	0	1	120	1	120	2.41E-89	254
parc	SRR5385701_parc_13_1	100	120	0	1	120	1	120	2.41E-89	254
parc	SRR5385691_parc_23_1	100	120	0	1	120	1	120	2.41E-89	254
parc	SRR5385677_parc_21_1	100	120	0	1	120	1	120	2.41E-89	254
parc	SRR5385674_parc_5_1	100	120	0	1	120	1	120	2.41E-89	254
parc	SRR5385673_parc_5_1	100	120	0	1	120	1	120	2.41E-89	254
parc	SRR5385670_parc_5_1	100	120	0	1	120	1	120	2.41E-89	254
parc	SRR5385668_parc_4_1	100	120	0	1	120	1	120	2.41E-89	254
parc	SRR5385509_parc_17_1	100	120	0	1	120	1	120	2.41E-89	254
parc	SRR5385508_parc_7_1	100	120	0	1	120	1	120	2.41E-89	254
parc	SRR5385506_parc_6_1	100	120	0	1	120	1	120	2.41E-89	254
parc	SRR5385502_parc_64_1	100	120	0	1	120	1	120	2.41E-89	254
parc	SRR5385486_parc_20_1	100	120	0	1	120	1	120	2.41E-89	254
parc	SRR5385422_parc_5_1	100	120	0	1	120	1	120	2.41E-89	254
parc	SRR5385399_parc_6_1	100	120	0	1	120	1	120	2.41E-89	254
parc	50884375_parc_4_1	100	120	0	1	120	1	120	2.41E-89	254
parc	50877064_parc_11_1	100	120	0	1	120	1	120	2.41E-89	254
parc	50825040_parc_4_1	100	120	0	1	120	1	120	2.41E-89	254
parc	50675619_parc_7_1	100	120	0	1	120	1	120	2.41E-89	254
parc	50572569_parc_2_1	100	120	0	1	120	1	120	2.41E-89	254
parc	K46-62_parc_15_1	100	120	0	1	120	1	120	2.41E-89	254
parc	KP_NORM_URN_2015_113374_parc_8_1	100	120	0	1	120	1	120	2.41E-89	254
parc	KP_NORM_URN_2015_111534_parc_3_1	100	120	0	1	120	1	120	2.41E-89	254
parc	KP_NORM_URN_2015_111489_parc_6_1	100	120	0	1	120	1	120	2.41E-89	254
parc	KP_NORM_URN_2015_111149_parc_5_1	100	120	0	1	120	1	120	2.41E-89	254
parc	KP_NORM_URN_2014_101205_parc_7_1	100	120	0	1	120	1	120	2.41E-89	254
parc	KP_NORM_URN_2014_100307_parc_10_1	100	120	0	1	120	1	120	2.41E-89	254
parc	KP_NORM_URN_2013_95977_parc_2_1	100	120	0	1	120	1	120	2.41E-89	254
parc	KP_NORM_URN_2013_95951_parc_2_1	100	120	0	1	120	1	120	2.41E-89	254
parc	KP_NORM_URN_2013_95870_parc_8_1	100	120	0	1	120	1	120	2.41E-89	254
parc	KP_NORM_URN_2013_95566_parc_12_1	100	120	0	1	120	1	120	2.41E-89	254
parc	KP_NORM_URN_2013_95533_parc_7_1	100	120	0	1	120	1	120	2.41E-89	254
parc	KP_NORM_URN_2013_94592_parc_11_1	100	120	0	1	120	1	120	2.41E-89	254
parc	KP_NORM_URN_2012_81479_parc_28_1	100	120	0	1	120	1	120	2.41E-89	254
parc	KP_NORM_URN_2012_81432_parc_9_1	100	120	0	1	120	1	120	2.41E-89	254
parc	KP_NORM_URN_2012_80681_parc_7_1	100	120	0	1	120	1	120	2.41E-89	254
parc	KP_NORM_URN_2012_80587_parc_3_1	100	120	0	1	120	1	120	2.41E-89	254
parc	KP_NORM_BLD_2015_116590_parc_7_1	100	120	0	1	120	1	120	2.41E-89	254
parc	KP_NORM_BLD_2015_115372_parc_5_1	100	120	0	1	120	1	120	2.41E-89	254
parc	KP_NORM_BLD_2015_113765_parc_15_1	100	120	0	1	120	1	120	2.41E-89	254
parc	KP_NORM_BLD_2014_104308_parc_2_1	100	120	0	1	120	1	120	2.41E-89	254
parc	KP_NORM_BLD_2014_102382_parc_8_1	100	120	0	1	120	1	120	2.41E-89	254
parc	KP_NORM_BLD_2014_101840_parc_9_1	100	120	0	1	120	1	120	2.41E-89	254
parc	KP_NORM_BLD_2013_92929_parc_6_1	100	120	0	1	120	1	120	2.41E-89	254
parc	KP_NORM_BLD_2013_91700_parc_8_1	100	120	0	1	120	1	120	2.41E-89	254
parc	KP_NORM_BLD_2013_90216_parc_9_1	100	120	0	1	120	1	120	2.41E-89	254
parc	KP_NORM_BLD_2013_89829_parc_8_1	100	120	0	1	120	1	120	2.41E-89	254
parc	KP_NORM_BLD_2012_86962_parc_6_1	100	120	0	1	120	1	120	2.41E-89	254
parc	KP_NORM_BLD_2012_85067_parc_16_1	100	120	0	1	120	1	120	2.41E-89	254
parc	KP_NORM_BLD_2012_84379_parc_4_1	100	120	0	1	120	1	120	2.41E-89	254
parc	KP_NORM_BLD_2011_76233_parc_8_1	100	120	0	1	120	1	120	2.41E-89	254
parc	KP_NORM_BLD_2011_76225_parc_7_1	100	120	0	1	120	1	120	2.41E-89	254
parc	KP_NORM_BLD_2011_76220_parc_6_1	100	120	0	1	120	1	120	2.41E-89	254
parc	KP_NORM_BLD_2011_76205_parc_4_1	100	120	0	1	120	1	120	2.41E-89	254
parc	KP_NORM_BLD_2011_75461_parc_12_1	100	120	0	1	120	1	120	2.41E-89	254
parc	KP_NORM_BLD_2011_75132_parc_6_1	100	120	0	1	120	1	120	2.41E-89	254
parc	KP_NORM_BLD_2011_74862_parc_8_1	100	120	0	1	120	1	120	2.41E-89	254
parc	KP_NORM_BLD_2011_74841_parc_3_1	100	120	0	1	120	1	120	2.41E-89	254
parc	KP_NORM_BLD_2011_74838_parc_13_1	100	120	0	1	120	1	120	2.41E-89	254
parc	KP_NORM_BLD_2011_74829_parc_7_1	100	120	0	1	120	1	120	2.41E-89	254
parc	KP_NORM_BLD_2011_74363_parc_11_1	100	120	0	1	120	1	120	2.41E-89	254
parc	KP_NORM_BLD_2011_74197_parc_12_1	100	120	0	1	120	1	120	2.41E-89	254
parc	KP_NORM_BLD_2011_74194_parc_12_1	100	120	0	1	120	1	120	2.41E-89	254
parc	KP_NORM_BLD_2011_73881_parc_7_1	100	120	0	1	120	1	120	2.41E-89	254
parc	KP_NORM_BLD_115357_parc_7_1	100	120	0	1	120	1	120	2.41E-89	254
parc	KP_NORM_BLD_108846_parc_15_1	100	120	0	1	120	1	120	2.41E-89	254
parc	2020-01-4327_parc_7_1	100	120	0	1	120	1	120	2.41E-89	254
parc	2020-01-4267_parc_16_1	100	120	0	1	120	1	120	2.41E-89	254
parc	2020-01-3967_parc_7_1	100	120	0	1	120	1	120	2.41E-89	254
parc	2020-01-3946_parc_8_1	100	120	0	1	120	1	120	2.41E-89	254
parc	2020-01-3515_parc_2_1	100	120	0	1	120	1	120	2.41E-89	254
parc	2020-01-3040_parc_5_1	100	120	0	1	120	1	120	2.41E-89	254
parc	2020-01-2661_parc_15_1	100	120	0	1	120	1	120	2.41E-89	254
parc	G20252265_parc_5_1	100	120	0	1	120	1	120	2.41E-89	254
parc	G20252233_parc_5_1	100	120	0	1	120	1	120	2.41E-89	254
parc	G20252230_parc_4_1	100	120	0	1	120	1	120	2.41E-89	254
parc	G20252212_parc_14_1	100	120	0	1	120	1	120	2.41E-89	254
parc	G20252211_parc_7_1	100	120	0	1	120	1	120	2.41E-89	254
parc	G20252203_parc_20_1	100	120	0	1	120	1	120	2.41E-89	254
parc	G20252202_parc_5_1	100	120	0	1	120	1	120	2.41E-89	254
parc	G20252184_parc_6_1	100	120	0	1	120	1	120	2.41E-89	254
parc	G20251893_parc_2_1	100	120	0	1	120	1	120	2.41E-89	254
parc	G20251877_parc_6_1	100	120	0	1	120	1	120	2.41E-89	254
parc	G20251770_parc_8_1	100	120	0	1	120	1	120	2.41E-89	254
parc	G20251768_parc_1_1	100	120	0	1	120	1	120	2.41E-89	254
parc	G20251766_parc_22_1	100	120	0	1	120	1	120	2.41E-89	254
parc	G20251759_parc_14_1	100	120	0	1	120	1	120	2.41E-89	254
parc	G20251758_parc_8_1	100	120	0	1	120	1	120	2.41E-89	254
parc	G20251746_parc_20_1	100	120	0	1	120	1	120	2.41E-89	254
parc	G20251721_parc_7_1	100	120	0	1	120	1	120	2.41E-89	254
parc	G20251624_parc_2_1	100	120	0	1	120	1	120	2.41E-89	254
parc	G20251563_parc_8_1	100	120	0	1	120	1	120	2.41E-89	254
parc	G20251560_parc_7_1	100	120	0	1	120	1	120	2.41E-89	254
parc	G20251509_parc_8_1	100	120	0	1	120	1	120	2.41E-89	254
parc	G20251266_parc_12_1	100	120	0	1	120	1	120	2.41E-89	254
parc	G20250990_parc_6_1	100	120	0	1	120	1	120	2.41E-89	254
parc	G20250978_parc_7_1	100	120	0	1	120	1	120	2.41E-89	254
parc	G20250910_parc_8_1	100	120	0	1	120	1	120	2.41E-89	254
parc	G20250884_parc_12_1	100	120	0	1	120	1	120	2.41E-89	254
parc	G20250716_parc_5_1	100	120	0	1	120	1	120	2.41E-89	254
parc	G20250532_parc_9_1	100	120	0	1	120	1	120	2.41E-89	254
parc	G20250530_parc_17_1	100	120	0	1	120	1	120	2.41E-89	254
parc	G20250528_parc_7_1	100	120	0	1	120	1	120	2.41E-89	254
parc	G20250527_parc_17_1	100	120	0	1	120	1	120	2.41E-89	254
parc	G20250518_parc_8_1	100	120	0	1	120	1	120	2.41E-89	254
parc	G20250311_parc_7_1	100	120	0	1	120	1	120	2.41E-89	254
parc	G20250308_parc_8_1	100	120	0	1	120	1	120	2.41E-89	254
parc	G20250307_parc_8_1	100	120	0	1	120	1	120	2.41E-89	254
parc	G20250222_parc_7_1	100	120	0	1	120	1	120	2.41E-89	254
parc	G20250116_parc_53_1	100	120	0	1	120	1	120	2.41E-89	254
parc	G20250112_parc_7_1	100	120	0	1	120	1	120	2.41E-89	254
parc	G20250111_parc_8_1	100	120	0	1	120	1	120	2.41E-89	254
parc	G20250110_parc_6_1	100	120	0	1	120	1	120	2.41E-89	254
parc	G20250105_parc_4_1	100	120	0	1	120	1	120	2.41E-89	254
parc	G20250104_parc_6_1	100	120	0	1	120	1	120	2.41E-89	254
parc	G20250103_parc_7_1	100	120	0	1	120	1	120	2.41E-89	254
parc	G20250099_parc_5_1	100	120	0	1	120	1	120	2.41E-89	254
parc	G20250098_parc_6_1	100	120	0	1	120	1	120	2.41E-89	254
parc	G20250096_parc_17_1	100	120	0	1	120	1	120	2.41E-89	254
parc	G20250088_parc_7_1	100	120	0	1	120	1	120	2.41E-89	254
parc	G20250087_parc_7_1	100	120	0	1	120	1	120	2.41E-89	254
parc	G20250086_parc_7_1	100	120	0	1	120	1	120	2.41E-89	254
parc	G18256181_parc_6_1	100	120	0	1	120	1	120	2.41E-89	254
parc	G18256176_parc_10_1	100	120	0	1	120	1	120	2.41E-89	254
parc	G18256172_parc_5_1	100	120	0	1	120	1	120	2.41E-89	254
parc	G18255588_parc_7_1	100	120	0	1	120	1	120	2.41E-89	254
parc	G18255586_parc_7_1	100	120	0	1	120	1	120	2.41E-89	254
parc	G18255584_parc_8_1	100	120	0	1	120	1	120	2.41E-89	254
parc	G18255572_parc_11_1	100	120	0	1	120	1	120	2.41E-89	254
parc	G18255566_parc_7_1	100	120	0	1	120	1	120	2.41E-89	254
parc	G18255559_parc_8_1	100	120	0	1	120	1	120	2.41E-89	254
parc	G18255544_parc_8_1	100	120	0	1	120	1	120	2.41E-89	254
parc	G18255533_parc_7_1	100	120	0	1	120	1	120	2.41E-89	254
parc	G18255516_parc_8_1	100	120	0	1	120	1	120	2.41E-89	254
parc	G18255515_parc_12_1	100	120	0	1	120	1	120	2.41E-89	254
parc	G18255280_parc_6_1	100	120	0	1	120	1	120	2.41E-89	254
parc	G18255275_parc_13_1	100	120	0	1	120	1	120	2.41E-89	254
parc	G18255257_parc_8_1	100	120	0	1	120	1	120	2.41E-89	254
parc	G18255241_parc_6_1	100	120	0	1	120	1	120	2.41E-89	254
parc	G18255223_parc_8_1	100	120	0	1	120	1	120	2.41E-89	254
parc	G18255184_parc_9_1	100	120	0	1	120	1	120	2.41E-89	254
parc	G18255182_parc_7_1	100	120	0	1	120	1	120	2.41E-89	254
parc	G18255177_parc_7_1	100	120	0	1	120	1	120	2.41E-89	254
parc	SB5962_parc_1_1	100	120	0	1	120	1	120	2.41E-89	254
parc	SB5961_parc_1_1	100	120	0	1	120	1	120	2.41E-89	254
parc	SB5723_parc_6_1	100	120	0	1	120	1	120	2.41E-89	254
parc	SB5713_parc_2_1	100	120	0	1	120	1	120	2.41E-89	254
parc	SB5688_parc_2_1	100	120	0	1	120	1	120	2.41E-89	254
parc	SB5663_parc_7_1	100	120	0	1	120	1	120	2.41E-89	254
parc	SB5662_parc_7_1	100	120	0	1	120	1	120	2.41E-89	254
parc	SB5597_parc_22_1	100	120	0	1	120	1	120	2.41E-89	254
parc	SB5596_parc_7_1	100	120	0	1	120	1	120	2.41E-89	254
parc	SB5565_parc_2_1	100	120	0	1	120	1	120	2.41E-89	254
parc	SB5559_parc_8_1	100	120	0	1	120	1	120	2.41E-89	254
parc	SB5546_parc_9_1	100	120	0	1	120	1	120	2.41E-89	254
parc	SB5492_parc_22_1	100	120	0	1	120	1	120	2.41E-89	254
parc	SB5489_parc_20_1	100	120	0	1	120	1	120	2.41E-89	254
parc	SB5423_parc_8_1	100	120	0	1	120	1	120	2.41E-89	254
parc	SB5407_parc_19_1	100	120	0	1	120	1	120	2.41E-89	254
parc	HE208_parc_1_1	100	120	0	1	120	1	120	2.41E-89	254
parc	HE207_parc_3_1	100	120	0	1	120	1	120	2.41E-89	254
parc	HE199_parc_2_1	100	120	0	1	120	1	120	2.41E-89	254
parc	HE192_parc_1_1	100	120	0	1	120	1	120	2.41E-89	254
parc	HE159_parc_2_1	100	120	0	1	120	1	120	2.41E-89	254
parc	HE152_parc_1_1	100	120	0	1	120	1	120	2.41E-89	254
parc	HE150_parc_1_1	100	120	0	1	120	1	120	2.41E-89	254
parc	HE149_parc_1_1	100	120	0	1	120	1	120	2.41E-89	254
parc	HE144_parc_3_1	100	120	0	1	120	1	120	2.41E-89	254
parc	HE143_parc_3_1	100	120	0	1	120	1	120	2.41E-89	254
parc	HE142_parc_3_1	100	120	0	1	120	1	120	2.41E-89	254
parc	HE141_parc_1_1	100	120	0	1	120	1	120	2.41E-89	254
parc	HE140_parc_10_1	100	120	0	1	120	1	120	2.41E-89	254
parc	HE135_parc_3_1	100	120	0	1	120	1	120	2.41E-89	254
parc	HE132_parc_7_1	100	120	0	1	120	1	120	2.41E-89	254
parc	HE130_parc_17_1	100	120	0	1	120	1	120	2.41E-89	254
parc	HE123_parc_5_1	100	120	0	1	120	1	120	2.41E-89	254
parc	HE120_parc_8_1	100	120	0	1	120	1	120	2.41E-89	254
parc	HE119_parc_2_1	100	120	0	1	120	1	120	2.41E-89	254
parc	HE118_parc_2_1	100	120	0	1	120	1	120	2.41E-89	254
parc	HE117_parc_12_1	100	120	0	1	120	1	120	2.41E-89	254
parc	HE108_parc_8_1	100	120	0	1	120	1	120	2.41E-89	254
parc	HE100_parc_5_1	100	120	0	1	120	1	120	2.41E-89	254
parc	HE096_parc_3_1	100	120	0	1	120	1	120	2.41E-89	254
parc	HE095_parc_10_1	100	120	0	1	120	1	120	2.41E-89	254
parc	HE087_parc_6_1	100	120	0	1	120	1	120	2.41E-89	254
parc	HE083_parc_5_1	100	120	0	1	120	1	120	2.41E-89	254
parc	HE068_parc_14_1	100	120	0	1	120	1	120	2.41E-89	254
parc	HE067_parc_12_1	100	120	0	1	120	1	120	2.41E-89	254
parc	HE066_parc_11_1	100	120	0	1	120	1	120	2.41E-89	254
parc	HE064_parc_9_1	100	120	0	1	120	1	120	2.41E-89	254
parc	HE062_parc_5_1	100	120	0	1	120	1	120	2.41E-89	254
parc	HE061_parc_12_1	100	120	0	1	120	1	120	2.41E-89	254
parc	HE060_parc_11_1	100	120	0	1	120	1	120	2.41E-89	254
parc	HE053_parc_10_1	100	120	0	1	120	1	120	2.41E-89	254
parc	HE032_parc_2_1	100	120	0	1	120	1	120	2.41E-89	254
parc	HE030_parc_6_1	100	120	0	1	120	1	120	2.41E-89	254
parc	HE028_parc_6_1	100	120	0	1	120	1	120	2.41E-89	254
parc	HE027_parc_6_1	100	120	0	1	120	1	120	2.41E-89	254
parc	HE026_parc_5_1	100	120	0	1	120	1	120	2.41E-89	254
parc	HE024_parc_7_1	100	120	0	1	120	1	120	2.41E-89	254
parc	HE022_parc_6_1	100	120	0	1	120	1	120	2.41E-89	254
parc	HE021_parc_3_1	100	120	0	1	120	1	120	2.41E-89	254
parc	HE020_parc_9_1	100	120	0	1	120	1	120	2.41E-89	254
parc	HE014_parc_9_1	100	120	0	1	120	1	120	2.41E-89	254
parc	HE011_parc_5_1	100	120	0	1	120	1	120	2.41E-89	254
parc	HE009_parc_5_1	100	120	0	1	120	1	120	2.41E-89	254
parc	HE005_parc_9_1	100	120	0	1	120	1	120	2.41E-89	254
parc	HE004_parc_5_1	100	120	0	1	120	1	120	2.41E-89	254
parc	HE003_parc_10_1	100	120	0	1	120	1	120	2.41E-89	254
parc	HE002_parc_9_1	100	120	0	1	120	1	120	2.41E-89	254
parc	808346-17_parc_5_1	100	120	0	1	120	1	120	2.41E-89	254
parc	808005-18_parc_1_1	100	120	0	1	120	1	120	2.41E-89	254
parc	806757-17_parc_14_1	100	120	0	1	120	1	120	2.41E-89	254
parc	805771-18_parc_6_1	100	120	0	1	120	1	120	2.41E-89	254
parc	805666-18_parc_8_1	100	120	0	1	120	1	120	2.41E-89	254
parc	805633-17_parc_18_1	100	120	0	1	120	1	120	2.41E-89	254
parc	805592-18_parc_9_1	100	120	0	1	120	1	120	2.41E-89	254
parc	805443-18_parc_8_1	100	120	0	1	120	1	120	2.41E-89	254
parc	805282-19_parc_9_1	100	120	0	1	120	1	120	2.41E-89	254
parc	805155-17_parc_12_1	100	120	0	1	120	1	120	2.41E-89	254
parc	804585-18_parc_4_1	100	120	0	1	120	1	120	2.41E-89	254
parc	804537-19_parc_2_1	100	120	0	1	120	1	120	2.41E-89	254
parc	804398-18_parc_5_1	100	120	0	1	120	1	120	2.41E-89	254
parc	804370-17_parc_5_1	100	120	0	1	120	1	120	2.41E-89	254
parc	803563-17_parc_8_1	100	120	0	1	120	1	120	2.41E-89	254
parc	803471-18_parc_6_1	100	120	0	1	120	1	120	2.41E-89	254
parc	803094-19_parc_14_1	100	120	0	1	120	1	120	2.41E-89	254
parc	802922-18_parc_7_1	100	120	0	1	120	1	120	2.41E-89	254
parc	802828-17_parc_4_1	100	120	0	1	120	1	120	2.41E-89	254
parc	802808-18_parc_4_1	100	120	0	1	120	1	120	2.41E-89	254
parc	802458-18_parc_5_1	100	120	0	1	120	1	120	2.41E-89	254
parc	801578-18_parc_17_1	100	120	0	1	120	1	120	2.41E-89	254
parc	801562-19_parc_6_1	100	120	0	1	120	1	120	2.41E-89	254
parc	800483-17_parc_4_1	100	120	0	1	120	1	120	2.41E-89	254
parc	800281-18_parc_7_1	100	120	0	1	120	1	120	2.41E-89	254
parc	800187-17_parc_11_1	100	120	0	1	120	1	120	2.41E-89	254
parc	719765-18_parc_6_1	100	120	0	1	120	1	120	2.41E-89	254
parc	718967-2Mo2-18_parc_25_1	100	120	0	1	120	1	120	2.41E-89	254
parc	717236-18_parc_5_1	100	120	0	1	120	1	120	2.41E-89	254
parc	716292-18_parc_6_1	100	120	0	1	120	1	120	2.41E-89	254
parc	714133-17_parc_2_1	100	120	0	1	120	1	120	2.41E-89	254
parc	709716-17_parc_16_1	100	120	0	1	120	1	120	2.41E-89	254
parc	709064Mo3-18_parc_3_1	100	120	0	1	120	1	120	2.41E-89	254
parc	709064Mo2-18_parc_1_1	100	120	0	1	120	1	120	2.41E-89	254
parc	709064Mo1-18_parc_2_1	100	120	0	1	120	1	120	2.41E-89	254
parc	708620-18_parc_4_1	100	120	0	1	120	1	120	2.41E-89	254
parc	706827-19_parc_8_1	100	120	0	1	120	1	120	2.41E-89	254
parc	706229-18_parc_7_1	100	120	0	1	120	1	120	2.41E-89	254
parc	704193-17_parc_15_1	100	120	0	1	120	1	120	2.41E-89	254
parc	702603-18_parc_13_1	100	120	0	1	120	1	120	2.41E-89	254
parc	701615-18_parc_19_1	100	120	0	1	120	1	120	2.41E-89	254
parc	602822-14_parc_7_1	100	120	0	1	120	1	120	2.41E-89	254
parc	602149-19_parc_8_1	100	120	0	1	120	1	120	2.41E-89	254
parc	145605-17_parc_10_1	100	120	0	1	120	1	120	2.41E-89	254
parc	138096-18_parc_1_1	100	120	0	1	120	1	120	2.41E-89	254
parc	130765-18_parc_6_1	100	120	0	1	120	1	120	2.41E-89	254
parc	G18000860_parc_9_1	100	120	0	1	120	1	120	2.41E-89	254
parc	G18000837_parc_9_1	100	120	0	1	120	1	120	2.41E-89	254
parc	G18000141_parc_5_1	100	120	0	1	120	1	120	2.41E-89	254
parc	G18000027_parc_8_1	100	120	0	1	120	1	120	2.41E-89	254
parc	G18001026_parc_6_1	100	120	0	1	120	1	120	2.41E-89	254
parc	G18000182_parc_15_1	100	120	0	1	120	1	120	2.41E-89	254
parc	G18000616_parc_7_1	100	120	0	1	120	1	120	2.41E-89	254
parc	G18001108_parc_17_1	100	120	0	1	120	1	120	2.41E-89	254
parc	G18000607_parc_8_1	100	120	0	1	120	1	120	2.41E-89	254
parc	G18001080_parc_6_1	100	120	0	1	120	1	120	2.41E-89	254
parc	G18001079_parc_1_1	100	120	0	1	120	1	120	2.41E-89	254
parc	G18001056_parc_20_1	100	120	0	1	120	1	120	2.41E-89	254
parc	G18001055_parc_22_1	100	120	0	1	120	1	120	2.41E-89	254
parc	G18000224_parc_8_1	100	120	0	1	120	1	120	2.41E-89	254
parc	G18001031_parc_22_1	100	120	0	1	120	1	120	2.41E-89	254
parc	G18001017_parc_7_1	100	120	0	1	120	1	120	2.41E-89	254
parc	G18001014_parc_3_1	100	120	0	1	120	1	120	2.41E-89	254
parc	G18000999_parc_4_1	100	120	0	1	120	1	120	2.41E-89	254
parc	G18000998_parc_4_1	100	120	0	1	120	1	120	2.41E-89	254
parc	G18000530_parc_6_1	100	120	0	1	120	1	120	2.41E-89	254
parc	G18000507_parc_5_1	100	120	0	1	120	1	120	2.41E-89	254
parc	G18000973_parc_2_1	100	120	0	1	120	1	120	2.41E-89	254
parc	G18000480_parc_2_1	100	120	0	1	120	1	120	2.41E-89	254
parc	G18000479_parc_22_1	100	120	0	1	120	1	120	2.41E-89	254
parc	G18000478_parc_12_1	100	120	0	1	120	1	120	2.41E-89	254
parc	G18000935_parc_5_1	100	120	0	1	120	1	120	2.41E-89	254
parc	G18000451_parc_8_1	100	120	0	1	120	1	120	2.41E-89	254
parc	G18000857_parc_6_1	100	120	0	1	120	1	120	2.41E-89	254
parc	G18000419_parc_7_1	100	120	0	1	120	1	120	2.41E-89	254
parc	G18000412_parc_7_1	100	120	0	1	120	1	120	2.41E-89	254
parc	G18000399_parc_9_1	100	120	0	1	120	1	120	2.41E-89	254
parc	G18000810_parc_7_1	100	120	0	1	120	1	120	2.41E-89	254
parc	G18000397_parc_8_1	100	120	0	1	120	1	120	2.41E-89	254
parc	G18000809_parc_8_1	100	120	0	1	120	1	120	2.41E-89	254
parc	G18000801_parc_1_1	100	120	0	1	120	1	120	2.41E-89	254
parc	G18000792_parc_7_1	100	120	0	1	120	1	120	2.41E-89	254
parc	G18000773_parc_1_1	100	120	0	1	120	1	120	2.41E-89	254
parc	G18000771_parc_3_1	100	120	0	1	120	1	120	2.41E-89	254
parc	G18000744_parc_8_1	100	120	0	1	120	1	120	2.41E-89	254
parc	G18000318_parc_6_1	100	120	0	1	120	1	120	2.41E-89	254
parc	G18000314_parc_16_1	100	120	0	1	120	1	120	2.41E-89	254
parc	G18000304_parc_10_1	100	120	0	1	120	1	120	2.41E-89	254
parc	G18000295_parc_6_1	100	120	0	1	120	1	120	2.41E-89	254
parc	G18000294_parc_2_1	100	120	0	1	120	1	120	2.41E-89	254
parc	G18000700_parc_7_1	100	120	0	1	120	1	120	2.41E-89	254
parc	G18000681_parc_9_1	100	120	0	1	120	1	120	2.41E-89	254
parc	G18000673_parc_7_1	100	120	0	1	120	1	120	2.41E-89	254
parc	G18000257_parc_7_1	100	120	0	1	120	1	120	2.41E-89	254
parc	G18000621_parc_2_1	100	120	0	1	120	1	120	2.41E-89	254
parc	G18001069_parc_6_1	100	120	0	1	120	1	120	2.41E-89	254
parc	G18001063_parc_2_1	100	120	0	1	120	1	120	2.41E-89	254
parc	G18001030_parc_23_1	100	120	0	1	120	1	120	2.41E-89	254
parc	G18000889_parc_8_1	100	120	0	1	120	1	120	2.41E-89	254
parc	G18000875_parc_5_1	100	120	0	1	120	1	120	2.41E-89	254
parc	G18000858_parc_36_1	100	120	0	1	120	1	120	2.41E-89	254
parc	G18000751_parc_7_1	100	120	0	1	120	1	120	2.41E-89	254
parc	G18000611_parc_12_1	100	120	0	1	120	1	120	2.41E-89	254
parc	G18000486_parc_6_1	100	120	0	1	120	1	120	2.41E-89	254
parc	G18000468_parc_6_1	100	120	0	1	120	1	120	2.41E-89	254
parc	G18000394_parc_22_1	100	120	0	1	120	1	120	2.41E-89	254
parc	G18000365_parc_21_1	100	120	0	1	120	1	120	2.41E-89	254
parc	G18000244_parc_4_1	100	120	0	1	120	1	120	2.41E-89	254
parc	G18001152_parc_6_1	100	120	0	1	120	1	120	2.41E-89	254
parc	G18001136_parc_5_1	100	120	0	1	120	1	120	2.41E-89	254
parc	G18000861_parc_5_1	100	120	0	1	120	1	120	2.41E-89	254
parc	G18000778_parc_7_1	100	120	0	1	120	1	120	2.41E-89	254
parc	G18000950_parc_8_1	100	120	0	1	120	1	120	2.41E-89	254
parc	G18000949_parc_7_1	100	120	0	1	120	1	120	2.41E-89	254
parc	G18000922_parc_13_1	100	120	0	1	120	1	120	2.41E-89	254
parc	G18000878_parc_5_1	100	120	0	1	120	1	120	2.41E-89	254
parc	G18000876_parc_7_1	100	120	0	1	120	1	120	2.41E-89	254
parc	G18000863_parc_6_1	100	120	0	1	120	1	120	2.41E-89	254
parc	G18000849_parc_6_1	100	120	0	1	120	1	120	2.41E-89	254
parc	G18000800_parc_1_1	100	120	0	1	120	1	120	2.41E-89	254
parc	G18000723_parc_6_1	100	120	0	1	120	1	120	2.41E-89	254
parc	G18000693_parc_25_1	100	120	0	1	120	1	120	2.41E-89	254
parc	G18000685_parc_13_1	100	120	0	1	120	1	120	2.41E-89	254
parc	G18000563_parc_1_1	100	120	0	1	120	1	120	2.41E-89	254
parc	G18000561_parc_3_1	100	120	0	1	120	1	120	2.41E-89	254
parc	G18000781_parc_8_1	100	120	0	1	120	1	120	2.41E-89	254
parc	G18001092_parc_8_1	100	120	0	1	120	1	120	2.41E-89	254
parc	G18000748_parc_21_1	100	120	0	1	120	1	120	2.41E-89	254
parc	G18001065_parc_7_1	100	120	0	1	120	1	120	2.41E-89	254
parc	G18001061_parc_7_1	100	120	0	1	120	1	120	2.41E-89	254
parc	G18000742_parc_14_1	100	120	0	1	120	1	120	2.41E-89	254
parc	G18000728_parc_8_1	100	120	0	1	120	1	120	2.41E-89	254
parc	G18000753_parc_6_1	100	120	0	1	120	1	120	2.41E-89	254
parc	G18000707_parc_17_1	100	120	0	1	120	1	120	2.41E-89	254
parc	G18000694_parc_9_1	100	120	0	1	120	1	120	2.41E-89	254
parc	G18000654_parc_10_1	100	120	0	1	120	1	120	2.41E-89	254
parc	G18000639_parc_1_1	100	120	0	1	120	1	120	2.41E-89	254
parc	G18000340_parc_6_1	100	120	0	1	120	1	120	2.41E-89	254
parc	G18000338_parc_2_1	100	120	0	1	120	1	120	2.41E-89	254
parc	G18000293_parc_5_1	100	120	0	1	120	1	120	2.41E-89	254
parc	G18000267_parc_4_1	100	120	0	1	120	1	120	2.41E-89	254
parc	G18000248_parc_8_1	100	120	0	1	120	1	120	2.41E-89	254
parc	G18000167_parc_8_1	100	120	0	1	120	1	120	2.41E-89	254
parc	G18001158_parc_3_1	100	120	0	1	120	1	120	2.41E-89	254
parc	G18001077_parc_8_1	100	120	0	1	120	1	120	2.41E-89	254
parc	G18000287_parc_9_1	100	120	0	1	120	1	120	2.41E-89	254
parc	G18000222_parc_2_1	100	120	0	1	120	1	120	2.41E-89	254
parc	G18000177_parc_1_1	100	120	0	1	120	1	120	2.41E-89	254
parc	SRR19090188_parc_6_1	100	120	0	1	120	1	120	2.41E-89	254
parc	SRR19090187_parc_6_1	100	120	0	1	120	1	120	2.41E-89	254
parc	SRR19090174_parc_5_1	100	120	0	1	120	1	120	2.41E-89	254
parc	SRR18982347_parc_5_1	100	120	0	1	120	1	120	2.41E-89	254
parc	SRR18486060_parc_7_1	100	120	0	1	120	1	120	2.41E-89	254
parc	SRR18486038_parc_6_1	100	120	0	1	120	1	120	2.41E-89	254
parc	KPN2246_parc_11_1	100	120	0	1	120	1	120	2.41E-89	254
parc	KPN2244_parc_26_1	100	120	0	1	120	1	120	2.41E-89	254
parc	KPN2188_parc_8_1	100	120	0	1	120	1	120	2.41E-89	254
parc	KPN2166_parc_8_1	100	120	0	1	120	1	120	2.41E-89	254
parc	KPN2156_parc_12_1	100	120	0	1	120	1	120	2.41E-89	254
parc	KPN2132_parc_5_1	100	120	0	1	120	1	120	2.41E-89	254
parc	KPN2103_parc_8_1	100	120	0	1	120	1	120	2.41E-89	254
parc	KPN2089_parc_24_1	100	120	0	1	120	1	120	2.41E-89	254
parc	KPN2077_parc_11_1	100	120	0	1	120	1	120	2.41E-89	254
parc	KPN2037_parc_8_1	100	120	0	1	120	1	120	2.41E-89	254
parc	KPN2024_parc_5_1	100	120	0	1	120	1	120	2.41E-89	254
parc	KPN2022_parc_7_1	100	120	0	1	120	1	120	2.41E-89	254
parc	KPN2017_parc_7_1	100	120	0	1	120	1	120	2.41E-89	254
parc	KPN2011_parc_6_1	100	120	0	1	120	1	120	2.41E-89	254
parc	KPN2009_parc_6_1	100	120	0	1	120	1	120	2.41E-89	254
parc	KPN1998_parc_7_1	100	120	0	1	120	1	120	2.41E-89	254
parc	KPN1997_parc_1_1	100	120	0	1	120	1	120	2.41E-89	254
parc	KPN1993_parc_7_1	100	120	0	1	120	1	120	2.41E-89	254
parc	KPN1991_parc_6_1	100	120	0	1	120	1	120	2.41E-89	254
parc	KPN1985_parc_6_1	100	120	0	1	120	1	120	2.41E-89	254
parc	KPN1981_parc_6_1	100	120	0	1	120	1	120	2.41E-89	254
parc	KPN1977_parc_2_1	100	120	0	1	120	1	120	2.41E-89	254
parc	KPN1976_parc_6_1	100	120	0	1	120	1	120	2.41E-89	254
parc	KPN1970_parc_22_1	100	120	0	1	120	1	120	2.41E-89	254
parc	KPN1968_parc_8_1	100	120	0	1	120	1	120	2.41E-89	254
parc	KPN1964_parc_23_1	100	120	0	1	120	1	120	2.41E-89	254
parc	KPN1956_parc_10_1	100	120	0	1	120	1	120	2.41E-89	254
parc	KPN1953_parc_5_1	100	120	0	1	120	1	120	2.41E-89	254
parc	KPN1952_parc_7_1	100	120	0	1	120	1	120	2.41E-89	254
parc	KPN1946_parc_8_1	100	120	0	1	120	1	120	2.41E-89	254
parc	KPN1943_parc_11_1	100	120	0	1	120	1	120	2.41E-89	254
parc	KPN1938_parc_8_1	100	120	0	1	120	1	120	2.41E-89	254
parc	KPN1933_parc_7_1	100	120	0	1	120	1	120	2.41E-89	254
parc	KPN1927_parc_5_1	100	120	0	1	120	1	120	2.41E-89	254
parc	KPN1923_parc_8_1	100	120	0	1	120	1	120	2.41E-89	254
parc	KPN1917_parc_8_1	100	120	0	1	120	1	120	2.41E-89	254
parc	KPN1916_parc_7_1	100	120	0	1	120	1	120	2.41E-89	254
parc	KPN1909_parc_9_1	100	120	0	1	120	1	120	2.41E-89	254
parc	KPN1900_parc_9_1	100	120	0	1	120	1	120	2.41E-89	254
parc	KPN1864_parc_8_1	100	120	0	1	120	1	120	2.41E-89	254
parc	KPN1860_parc_6_1	100	120	0	1	120	1	120	2.41E-89	254
parc	16870_8_86_parc_7_1	100	120	0	1	120	1	120	2.41E-89	254
parc	16852_1_72_parc_9_1	100	120	0	1	120	1	120	2.41E-89	254
parc	16780_6_12_parc_9_1	100	120	0	1	120	1	120	2.41E-89	254
parc	16703_7_58_parc_8_1	100	120	0	1	120	1	120	2.41E-89	254
parc	16703_7_38_parc_7_1	100	120	0	1	120	1	120	2.41E-89	254
parc	16703_7_35_parc_10_1	100	120	0	1	120	1	120	2.41E-89	254
parc	16703_7_31_parc_7_1	100	120	0	1	120	1	120	2.41E-89	254
parc	16703_7_14_parc_7_1	100	120	0	1	120	1	120	2.41E-89	254
parc	ERR4022884_parc_2_1	100	120	0	1	120	1	120	2.49E-89	254
parc	ERR3932209_parc_2_1	100	120	0	1	120	1	120	2.49E-89	254
parc	G18255105_parc_7_1	100	120	0	1	120	1	120	2.52E-89	254
parc	SB5967_parc_7_1	100	120	0	1	120	1	120	2.66E-89	254
parc	KPN1929_parc_9_1	100	120	0	1	120	1	120	3.73E-89	254
parc	SRR5385538_parc_1_1	99.167	120	1	1	120	1	120	6.53E-89	253
parc	uk_8B35L_parc_NODE_5_length_293730_cov_4.4387_ID_4844_1	99.167	120	1	1	120	1	120	1.02E-88	253
parc	uk_8C11D_parc_NODE_6_length_323808_cov_4.42351_ID_5817_1	99.167	120	1	1	120	1	120	2.27E-88	252
parc	uk_19C33D_parc_NODE_18_length_115815_cov_4.33855_ID_7438_1	99.167	120	1	1	120	1	120	2.27E-88	252
parc	uk_19A13I_parc_NODE_6_length_263910_cov_3.60292_ID_5565_1	99.167	120	1	1	120	1	120	2.27E-88	252
parc	uk_8B10J_parc_NODE_17_length_115833_cov_3.647_ID_5560_1	99.167	120	1	1	120	1	120	2.27E-88	252
parc	uk_8A23D_parc_NODE_11_length_161327_cov_4.44891_ID_8476_1	99.167	120	1	1	120	1	120	2.27E-88	252
parc	uk_18B32C_parc_NODE_2_length_283009_cov_2.41402_ID_7793_1	99.167	120	1	1	120	1	120	2.27E-88	252
parc	uk_17A1L_parc_NODE_1_length_790798_cov_3.01856_ID_6406_1	99.167	120	1	1	120	1	120	2.65E-88	251
